x,CartPos_mean,CartPos_stderr,CartPos+Img_mean,CartPos+Img_stderr
20480.0,2.487456226348877,0.12777974106171983,2.5897103786468505,0.16878208716502383
104006.9449081803,2.26439816447582,0.10997253731011093,2.3222952176154656,0.1707482279378469
187533.8898163606,2.1450404160391967,0.08043923363208395,2.083114721406195,0.1953257139731053
271060.83472454094,2.2106813071779827,0.06196186966696092,2.075211689880129,0.24034242772604375
354587.7796327212,2.294117788761498,0.06196420165732163,2.2601420873305433,0.3093943903583448
438114.7245409015,2.3688453497412305,0.06049426889052761,2.7093763248526432,0.4262078250877222
521641.6694490818,2.4479440483091337,0.055759258220399156,3.4406201979931295,0.6451080856845087
605168.6143572622,2.5129829859391717,0.04771471564236904,4.320802471410897,0.8538344369413932
688695.5592654424,2.553247008936247,0.03056393814135478,5.216950485635794,1.0331564393955677
772222.5041736227,2.5886684622730267,0.03337187050412224,6.166031280829031,1.1357178185355454
855749.449081803,2.626883812315344,0.03826567240748282,7.059323683751583,1.2195357802128401
939276.3939899834,2.6698682411825367,0.04000819187379907,7.804841055005224,1.2911901443337865
1022803.3388981636,2.7203639402259276,0.04280611591611554,8.402541664093235,1.3253697255290853
1106330.283806344,2.7515803983767784,0.031151830560404475,8.92174670848808,1.2915818540481019
1189857.2287145243,2.777360291935729,0.03367568084557949,9.406907083686852,1.1999597024790225
1273384.1736227046,2.829045884341454,0.04397143436792434,9.835789411001242,1.0300536724057916
1356911.1185308849,2.84125039710381,0.033741492466807105,10.204267297528308,0.8459457002577383
1440438.0634390651,2.8590262714265124,0.04239820709657458,10.527438455307433,0.6972069448036561
1523965.0083472454,2.8624665040753126,0.05944144094307217,10.77264739771372,0.5274273210149073
1607491.9532554257,2.8709113403274666,0.05726171352188131,11.02371135891741,0.39127719315953974
1691018.898163606,2.8816174952757674,0.059041857684509785,11.18727126211577,0.2781016523198306
1774545.8430717865,2.8823969205929236,0.05253222331310548,11.285714676590501,0.18435426588637768
1858072.7879799667,2.949304474855098,0.04979554266668663,11.35672700292829,0.1341929898495945
1941599.732888147,2.959951345964241,0.06120719851733125,11.398142102096383,0.11837772473324118
2025126.6777963273,2.9806214707878995,0.048705383204865754,11.45541351123266,0.11195081364998838
2108653.622704508,2.9741644479099985,0.055840607672388534,11.48022540263204,0.11515399332351106
2192180.567612688,3.0057782587071764,0.06069818406441192,11.505215412304393,0.0878344924972693
2275707.5125208683,2.9872783445250546,0.045289808948713955,11.570605218494354,0.0758413629745513
2359234.4574290486,2.9743572892777412,0.02855899217924373,11.591251622794944,0.08021987017224333
2442761.402337229,2.9822250964150263,0.019178019766984016,11.60705143682964,0.06813130232033356
2526288.347245409,3.0068099327740874,0.03325098471440556,11.603691982933803,0.06309777172087304
2609815.2921535894,2.997478557675264,0.022829141240252863,11.61030822696402,0.05039683058943272
2693342.2370617697,2.9577688157654594,0.018657731339512276,11.59788271150578,0.04165901550803917
2776869.18196995,2.970231563285273,0.02344810250219347,11.609772088097497,0.03734122227549997
2860396.1268781302,2.976530947255701,0.016951718857938357,11.603775335620503,0.03917007805531399
2943923.0717863105,2.970455356579147,0.023957019054230096,11.620915127146466,0.023743642740466135
3027450.016694491,2.995762974726709,0.041798463679355906,11.64425223307514,0.026525265981252256
3110976.961602671,3.0225355602443242,0.0552402831671123,11.641525439802786,0.03312733815163364
3194503.9065108513,3.0290504994209955,0.05846510888136349,11.649760426158082,0.023459884082512733
3278030.8514190316,3.050068714316007,0.044849910664630496,11.685962047185814,0.02133046669859935
3361557.796327212,3.0808900873553524,0.04847450970176583,11.68257175875639,0.028275891758733393
3445084.7412353926,3.1028511575337943,0.06019114593838095,11.66069222844421,0.03619437735719402
3528611.686143573,3.1063048505172928,0.0653086523046176,11.656126415404358,0.03588945900996949
3612138.631051753,3.0872079215757977,0.056451346167682034,11.640591092573834,0.024987590373122044
3695665.5759599335,3.0929243801538835,0.058898270650575214,11.651654763266828,0.024962787242288863
3779192.5208681137,3.1417927780989388,0.05985250455563305,11.655723513011637,0.018908456815777994
3862719.465776294,3.189336097338283,0.06406967602499161,11.647304156507953,0.020403714669135237
3946246.4106844743,3.223544120298766,0.08532096150422708,11.657692121505884,0.02970916640229004
4029773.3555926546,3.268637889896115,0.1284860297738669,11.67393567941552,0.02235426562220192
4113300.300500835,3.310353126182073,0.1501669341037612,11.657492332379329,0.024017865959103924
4196827.245409016,3.337302973096436,0.1931520019710058,11.670911556582062,0.023056577971452774
4280354.190317196,3.376711552727253,0.2215386337520059,11.690068519928376,0.021531857989394766
4363881.135225376,3.4348606392470606,0.25643087823651356,11.69398516519065,0.02239558044914006
4447408.080133556,3.4967248387292544,0.2601678014789187,11.688714878982656,0.02935964966506036
4530935.025041737,3.5550880170969164,0.2610165498587022,11.687962619936343,0.019558455647092937
4614461.969949917,3.603976062832514,0.284674832744626,11.669351876992547,0.03033155033712102
4697988.914858097,3.641230763050056,0.30905455124735853,11.666016039474078,0.029962855652100738
4781515.8597662775,3.6868690247973213,0.3229969873135742,11.63661495548734,0.022178711620715254
4865042.804674458,3.80895642975601,0.34274177979459275,11.649105898221723,0.018355502337837133
4948569.749582638,3.997053334817076,0.33709321356840366,11.67074292375535,0.020898782836379855
5032096.694490818,4.239527265959282,0.3291698705135644,11.665472485974146,0.032836583990123715
5115623.639398999,4.492361242065472,0.3410171012124524,11.671617809206749,0.037117381468395605
5199150.584307179,4.687492191994566,0.33158326628218365,11.683310227208517,0.032266253108560884
5282677.529215359,4.899489197046613,0.341140482781258,11.68570343403195,0.020537378784733766
5366204.474123539,5.081397546718349,0.3554197648374378,11.6972485213979,0.02027042539948846
5449731.41903172,5.257307569179745,0.33893047585494274,11.689201177138942,0.023039626903097226
5533258.3639399,5.416025356089655,0.3536667875824945,11.702138172637778,0.030571550222963453
5616785.30884808,5.600874813016757,0.34030750102263063,11.683590911269711,0.02908787132006537
5700312.2537562605,5.714246936779419,0.31752107508683297,11.668839445663775,0.026848442578760283
5783839.198664441,5.853170448184195,0.2804938014818586,11.699839067127314,0.01746886725272703
5867366.143572621,5.9687405016132775,0.27383483247901014,11.681353662639966,0.021889410449560567
5950893.088480801,6.079981056120376,0.23724465022720048,11.67516282095888,0.030027576204312383
6034420.033388982,6.220565320798051,0.2432476269050013,11.654590617548015,0.027518063260746014
6117946.978297162,6.363883480536958,0.2535634905029485,11.663292256220956,0.014588235259699918
6201473.923205342,6.460909905413828,0.24390814761601523,11.673672411182242,0.017113974987966858
6285000.868113522,6.522606520345806,0.21989318897150453,11.682216417887954,0.026762299344448934
6368527.813021703,6.563474614819545,0.20605735693703112,11.679296504203055,0.019375472792675374
6452054.757929883,6.557958111164417,0.20646120464094347,11.699125430661365,0.028522766937096274
6535581.702838063,6.619246602057146,0.19932747931282455,11.696297100101344,0.023587721184775225
6619108.6477462435,6.708663283096643,0.20563783534592123,11.699031998800994,0.026019591953603333
6702635.592654424,6.770024682254561,0.20565111477042616,11.705476808216662,0.03915016503399284
6786162.537562605,6.8232517761571945,0.19850195229977655,11.701006196980225,0.04892691451424276
6869689.482470785,6.830628597226545,0.18454640048870696,11.715374176928853,0.054108959082610646
6953216.427378966,6.891893571424996,0.1530496398235584,11.703045232086936,0.03605961362919773
7036743.372287146,7.053106985188907,0.15424580352720604,11.692791592807922,0.03482003198390832
7120270.317195326,7.164143930260407,0.1691393523931379,11.718464860757807,0.037248183245054176
7203797.262103506,7.235528584075769,0.1391808508165886,11.699114409755824,0.03932011252003568
7287324.207011687,7.317587822346626,0.11696121288239832,11.69650535255531,0.03716723161618191
7370851.151919867,7.368598759881756,0.10595546029945528,11.707169034295811,0.03338831047195409
7454378.096828047,7.401416954406843,0.1324960737265073,11.726278204221735,0.040127882914226386
7537905.041736227,7.456907993358169,0.09997296866770039,11.694527619910833,0.03461996420970968
7621431.986644408,7.469099701690906,0.11410619875770933,11.715923111760125,0.02655194168327816
7704958.931552588,7.520679202112755,0.12785459428007476,11.691912526182184,0.019036821239018748
7788485.876460768,7.554916667749767,0.1483384199716286,11.722764443165032,0.018468405379325564
7872012.821368949,7.582214659647792,0.16218641048062168,11.731453162182358,0.024757830819385877
7955539.766277129,7.616750191616883,0.15474095144329733,11.739359642534387,0.017446387882196924
8039066.711185309,7.688129540945104,0.11747631814877416,11.74686267242851,0.02292475533733106
8122593.656093489,7.700496514603161,0.11917228799724314,11.72210915550337,0.018119588076403036
8206120.60100167,7.738367593739906,0.15920649327118544,11.736469829384616,0.02680324190848652
8289647.54590985,7.75349609071039,0.18629601286434672,11.728858324971451,0.024433127774575222
8373174.49081803,7.755580589448826,0.18326245170920885,11.731595212278323,0.03329899518841231
8456701.43572621,7.75393173147221,0.18694972344651029,11.726779046988662,0.034461392071464064
8540228.380634392,7.757059029193061,0.16223887167803805,11.728027449108676,0.020438690721741922
8623755.325542571,7.780827981269491,0.16060518121769932,11.727890900237188,0.018238977599479914
8707282.270450752,7.831086884795662,0.14809920344578037,11.710818429992766,0.023124988683968145
8790809.215358932,7.804662148667356,0.1332939938232787,11.711767593841515,0.009784736902498727
8874336.160267113,7.840637593710326,0.12679841828272154,11.722314867753735,0.013762513106247553
8957863.105175292,7.888234136556894,0.12104814374392997,11.71919266531717,0.02616662162065293
9041390.050083473,7.915625411865035,0.08796653043777147,11.712627286487542,0.044630388143941296
9124916.994991653,7.924874981331584,0.07703674357359634,11.7270882789908,0.0373300987800615
9208443.939899834,7.936840876100708,0.08505505281840745,11.75851495086004,0.019118534945388285
9291970.884808013,7.966599595019514,0.09548678433615809,11.760736492530137,0.025985067791705195
9375497.829716194,7.936064460378833,0.09299089197267678,11.746783656570575,0.030882365468150333
9459024.774624374,7.906540980871195,0.07584098504833311,11.745029950112627,0.03219266020827386
9542551.719532555,7.869484812510796,0.10546865836361392,11.725737665720116,0.029399951037997606
9626078.664440734,7.836264141765069,0.1431185003806849,11.727812030028751,0.027592027743279547
9709605.609348916,7.7969532094798355,0.1279454360936066,11.698022231884583,0.029125509486769247
9793132.554257095,7.7936111711542875,0.12242711085853913,11.715330279132601,0.035963893853496305
9876659.499165276,7.818464425838665,0.14680739642922905,11.694796393006834,0.025989244898579334
9960186.444073455,7.82798279039676,0.16198282016087864,11.728229456064124,0.014010315000258773
10043713.388981637,7.812687267852536,0.1805471179049306,11.732323017605152,0.0186251418419591
10127240.333889816,7.818141685937215,0.1876736674476337,11.771930626914859,0.023027063488460828
10210767.278797997,7.874308838873445,0.15831835559612809,11.78040501281499,0.022520449145098594
10294294.223706177,7.898653953843047,0.12264824367186164,11.768512849576089,0.027231276606450947
10377821.168614358,7.885048935106352,0.1375873134966328,11.771110106363114,0.02338311600813112
10461348.113522537,7.929389624127436,0.14447770659296771,11.739914392051851,0.020296579871516694
10544875.058430718,7.932171873036725,0.126767773150224,11.760903559623385,0.027224321781039902
10628402.003338898,7.991468284436965,0.11474729907536166,11.742800326926028,0.022344763519581763
10711928.948247079,7.968318577783454,0.08845601495395744,11.7500656652803,0.03303188820132194
10795455.89315526,7.958789373811771,0.09860809513080503,11.761025829557754,0.045506532034142844
10878982.83806344,7.9240197555996685,0.11012676575795483,11.76406553904435,0.04936887572626024
10962509.78297162,7.940683074637425,0.12273239163765551,11.799717508696705,0.04303031281157727
11046036.7278798,7.937556711716475,0.12205146169332919,11.772470410610904,0.04166970272408005
11129563.672787981,7.925408224598604,0.12959324714404352,11.800876125465724,0.03995570852813525
11213090.61769616,7.933926365498094,0.1282473456152367,11.791991061877848,0.03465879460947266
11296617.562604342,7.89969372883795,0.12156273764578847,11.802709225810444,0.036778245618253984
11380144.507512521,7.892579092327121,0.12709176962398636,11.806862158136983,0.027661710738385466
11463671.452420702,7.8918511196513474,0.1332907384125041,11.80826983655999,0.02592542096226592
11547198.397328882,7.891301825493342,0.17900194727827243,11.812867758351508,0.02988132488137877
11630725.342237063,7.919726332270114,0.207827769076781,11.819889710761238,0.023161087664010902
11714252.287145242,7.896337553819707,0.20200413609504203,11.8240529379274,0.012951182002959645
11797779.232053423,7.844993509240129,0.19728294832207,11.791317284476214,0.02490281748899314
11881306.176961603,7.896250034101387,0.19482163996633134,11.798621914124091,0.03189839449280641
11964833.121869784,7.946747865015271,0.20663409317897602,11.816687418091188,0.023306516720491156
12048360.066777963,7.939366008508713,0.2066365607098454,11.798006845787393,0.018984011562045402
12131887.011686144,7.908612501029083,0.1817958431342243,11.81768492625157,0.026997731770764005
12215413.956594324,7.918947264752322,0.16458077850009387,11.810847412717822,0.022939154964576755
12298940.901502505,7.8551275935417575,0.15091959733593865,11.815422006797423,0.014184358582428794
12382467.846410684,7.849572616220845,0.16814888791702082,11.816870258786677,0.012908151030432866
12465994.791318865,7.902876589366564,0.1409935722727357,11.830248414469931,0.015408759051189902
12549521.736227045,8.186169212857788,0.10571449577701061,11.897533930147736,0.011864660341657006
12633048.681135226,7.984836120525257,0.09565043014672141,11.781245366807019,0.026338256945545313
12716575.626043405,7.939503065242432,0.11039954739363825,11.686501196471244,0.035082135967247456
12800102.570951587,7.900790543011562,0.13342313508122253,11.769913014897504,0.03562290539833953
12883629.515859766,7.874113061451598,0.13881115227495613,11.775654515623119,0.036400498504862176
12967156.460767947,7.86106719212822,0.13374877229267476,11.784148082441853,0.03954615569366051
13050683.405676126,7.843798436106678,0.14554931360129586,11.807843116982916,0.025446285719354613
13134210.350584308,7.851752495784562,0.1452803142539632,11.837309575834013,0.021838021973448862
13217737.295492487,7.884006346200094,0.13217196889241148,11.813126373014919,0.02305243626521493
13301264.240400668,7.842851173782352,0.13636998533831382,11.821836994642572,0.03612470945381532
13384791.185308848,7.814525082336752,0.15288580393522216,11.82475802199412,0.03996586852596763
13468318.130217029,7.798094474379819,0.1398687390487048,11.838117749993925,0.03425922021653813
13551845.07512521,7.82033496208412,0.09924842467757435,11.861037382226634,0.024539440719732283
13635372.02003339,7.830125150010426,0.10849744866223716,11.846390133481469,0.03116910585748319
13718898.96494157,7.833299246682538,0.11584015155018305,11.841129534267433,0.026446839882459883
13802425.90984975,7.826717980575074,0.11006683155511848,11.83182057448412,0.02800041485519658
13885952.854757931,7.878274519671981,0.10453104960115253,11.804962359550046,0.04024536735091191
13969479.79966611,7.82137724679866,0.09845505876515737,11.820347150406912,0.03914129238608285
14053006.744574292,7.804540801295684,0.11241016370952657,11.825484312714801,0.03189664726078563
14136533.689482471,7.74082927552134,0.13296456309432172,11.838456470522013,0.03496017046075293
14220060.634390652,7.749442745662911,0.1528355099187514,11.81108925064372,0.012028226044318696
14303587.579298832,7.7520138525368605,0.17505352931907622,11.81064335779534,0.018125031080690027
14387114.524207013,7.754920832352215,0.15512341252645312,11.795098260784085,0.023648637276537435
14470641.469115192,7.7523541727907075,0.1663075340579415,11.80572593444605,0.020657607036034035
14554168.414023373,7.7833941349920694,0.17319405184169245,11.830581121634285,0.03789475994729879
14637695.358931553,7.772441878032113,0.16524470195700627,11.841364748553717,0.03168288636591598
14721222.303839734,7.7873610967037745,0.15956132556845076,11.854854983526057,0.030976204683594317
14804749.248747913,7.778953530475723,0.14189434100712964,11.841414684871905,0.03156593054889132
14888276.193656094,7.783293784552927,0.15090160189751803,11.816658790487892,0.03975968626419149
14971803.138564274,7.81755090247488,0.14955809635603534,11.823029002010859,0.04868917456874793
15055330.083472455,7.840072063728902,0.13191886142423556,11.826521682575944,0.03543751077489607
15138857.028380634,7.807853824473878,0.14709924741511843,11.819885782062679,0.019753774833173202
15222383.973288815,7.800918084073369,0.15772964740915052,11.815800959370252,0.02204843327834587
15305910.918196995,7.8387821148391295,0.14365050521134798,11.829000685422876,0.024685426283853777
15389437.863105176,7.855698192038363,0.16447355636978575,11.844606262291865,0.020524435803861003
15472964.808013355,7.797824631606643,0.1356009295350444,11.834547709758318,0.028154610230597836
15556491.752921537,7.779757071085703,0.13985661845144676,11.83361022838288,0.03143634757437294
15640018.697829716,7.756237446483899,0.13495078828138102,11.826899910082755,0.019638559551228073
15723545.642737897,7.766537319433274,0.11825551528580698,11.817267960683997,0.0232197096677686
15807072.587646076,7.776306487176129,0.12253687390181695,11.850480929280906,0.026744707116879447
15890599.532554258,7.758573486447797,0.09633449606366809,11.828670784939707,0.02510053400535553
15974126.477462437,7.783040197936309,0.10908906585214084,11.806340803671361,0.022629589035502204
16057653.422370618,7.7806556929181925,0.14240014614638918,11.828919962341754,0.01755576007590062
16141180.3672788,7.745147618561633,0.15008753189364527,11.854717121325425,0.01727985887449895
16224707.312186979,7.74602408322942,0.13745669751716874,11.872564527411468,0.030612921361008304
16308234.25709516,7.683351817986159,0.14104118329326093,11.86971357216078,0.025995355251705415
16391761.20200334,7.6776097864349975,0.12518928757047865,11.878719935515296,0.019677542125098552
16475288.14691152,7.620604153868591,0.1327230761585726,11.893408481791079,0.03402627754714216
16558815.0918197,7.6396449360025285,0.1282646414596144,11.905058717904657,0.026282674709883148
16642342.036727881,7.641259605063965,0.11724101458306807,11.9007743100783,0.02270948378531251
16725868.98163606,7.648310427178336,0.13378701766828058,11.87209251189003,0.015451055496685852
16809395.92654424,7.621711681871598,0.13930338790144575,11.860738830549879,0.007418301716689421
16892922.87145242,7.682644987331953,0.12579428146305172,11.87201262190423,0.012329824558544537
16976449.8163606,7.65172686221163,0.1555448686881702,11.894575619626629,0.019253585598151553
17059976.761268783,7.638373933345671,0.1509267863375144,11.873613001043003,0.021660259253129234
17143503.706176963,7.671856425296147,0.153817608244536,11.901116194720007,0.028059730981402214
17227030.651085142,7.694249673061525,0.1390223940698862,11.87584881106633,0.028496049630375733
17310557.59599332,7.687409210174922,0.12027687439655547,11.894728954451239,0.017018466494993008
17394084.540901504,7.714758187859012,0.11445058518731877,11.901664804091649,0.02499225144738104
17477611.485809684,7.699174737868157,0.1202716222121068,11.89801333282155,0.02635609939970387
17561138.430717863,7.731313206558878,0.13131995682274455,11.912914995873583,0.01553213058201754
17644665.375626042,7.770919000023556,0.16331228251532767,11.895684916949708,0.02069856222232799
17728192.320534226,7.742671948738918,0.14720165122096499,11.856562426189987,0.020413458366764132
17811719.265442405,7.763219780963693,0.11580165207896402,11.84947923719415,0.020562997127599146
17895246.210350584,7.770725310924783,0.09911499491018126,11.865311076969212,0.017461461992267932
17978773.155258764,7.807866755731925,0.09376666012037606,11.887374956492172,0.01762009541029863
18062300.100166947,7.85387033998401,0.07935820684893582,11.897163815384436,0.022852723794392092
18145827.045075126,7.875936171369768,0.10427404180428566,11.904228002894538,0.04314723207846788
18229353.989983305,7.845453383959436,0.11563285791547394,11.90575830622377,0.02663135269230796
18312880.934891485,7.876435794531216,0.10929172868130323,11.89673938277992,0.02888893558800853
18396407.879799668,7.894062229043899,0.11476477621378108,11.91604170824354,0.021121751115788904
18479934.824707847,7.892811786436671,0.14500193187339294,11.908483301722338,0.009910268013909025
18563461.769616026,7.849080236954239,0.14699972258535424,11.933487082934159,0.012299120596019559
18646988.714524206,7.785253603543562,0.14498928806276293,11.950942768695532,0.015919351380336642
18730515.65943239,7.787534207891459,0.15469450841116966,11.966801893637278,0.021767171039152333
18814042.60434057,7.732481361817324,0.13824060123414175,11.952593100261108,0.029290801297575816
18897569.549248748,7.751428510585162,0.10605194111402413,11.917646083518651,0.033655841090058376
18981096.49415693,7.757994615604713,0.08781202892621986,11.919235369836656,0.011630408958912125
19064623.43906511,7.756213835751555,0.06609722942212162,11.929784350758514,0.008950959536085329
19148150.38397329,7.766433251828724,0.05796127348595963,11.91831173087148,0.018542166417456575
19231677.32888147,7.759558011335157,0.08475942115110784,11.912010410880951,0.011079172783716978
19315204.27378965,7.796120248804337,0.0962973188546862,11.895423635052946,0.012003528537209604
19398731.21869783,7.772054870672136,0.09329492036536323,11.89918310680393,0.027688394236008555
19482258.16360601,7.764430003761274,0.11401733474415685,11.89233836201782,0.02869292835838032
19565785.10851419,7.782750706979646,0.1195026146905907,11.902990724324363,0.024125202140535637
19649312.053422373,7.758373184904096,0.10826266585057676,11.905585320054467,0.01680180197378135
19732838.998330552,7.7730270660773995,0.09124744680550365,11.901004267264316,0.01442598590777988
19816365.94323873,7.811097229630631,0.07155350636287261,11.91392185387694,0.020122802829046996
19899892.88814691,7.812821462804861,0.060432346851234525,11.905953034253328,0.018507317250648622
19983419.833055094,7.8457758699777145,0.06797424998680598,11.885056865164142,0.006916614314717724
20066946.777963273,7.874824606468655,0.06642919429544811,11.893727164382561,0.023547848837227915
20150473.722871453,7.941431961137306,0.09061334032995588,11.897493438561531,0.02186081996999988
20234000.667779632,7.93370707645565,0.0676904744565779,11.909811339990295,0.01947612585724623
20317527.612687815,7.960691440285375,0.09487412469660997,11.921392712034415,0.017241121811344007
20401054.557595994,7.889491522401637,0.11313888913201518,11.913061451462926,0.013894291722776715
20484581.502504174,7.885632259680458,0.10253052052708642,11.90107537465712,0.019280475108690878
20568108.447412353,7.917774213788094,0.120446563902845,11.929639665665537,0.021037488628795748
20651635.392320536,7.903340114561436,0.10527758270406835,11.903033925422253,0.013409477052693998
20735162.337228715,7.871329274149749,0.10336912817730305,11.928693888123059,0.015544042546860933
20818689.282136895,7.871247660859486,0.11409521387341365,11.90256398856489,0.01804719267812116
20902216.227045074,7.806243203707711,0.10294679378697885,11.903584264855269,0.013177163282123013
20985743.171953257,7.828674507817231,0.11510775569855212,11.881754252828719,0.03869348055904175
21069270.116861437,7.884094878800201,0.10359028443991941,11.895322634337047,0.031652864181064506
21152797.061769616,7.900063253904753,0.10392709300699839,11.914591129884133,0.01305114567010767
21236324.006677795,7.947433279793442,0.10341081369999817,11.923223984618561,0.01637460033975796
21319850.95158598,7.985604824792877,0.09236219843037403,11.95040759607964,0.016249082676796672
21403377.896494158,7.951093871858357,0.09856836889060355,11.921215069212582,0.03077325440856463
21486904.841402337,7.943175927841379,0.09624270284423089,11.93960289388124,0.02248924144443071
21570431.78631052,7.955918459036484,0.08491493093723385,11.969670469591168,0.014573443153638744
21653958.7312187,7.948315368145238,0.09899760280262472,11.974868481245618,0.01629866008902457
21737485.67612688,7.939286090195831,0.10067922408831029,11.972075454337022,0.019922546054723322
21821012.621035058,7.92541920039343,0.12763559784368633,11.968922624307876,0.02028468943839088
21904539.56594324,7.902789530362372,0.1094688877181303,11.945210411941142,0.020242115071155774
21988066.51085142,7.925711278335902,0.10017325411228048,11.945925898807452,0.02298317807453337
22071593.4557596,7.928993788896626,0.11527863525460669,11.939545473035007,0.027940810775606065
22155120.40066778,7.903254456624651,0.11427759264323123,11.956850637994146,0.02558910641445034
22238647.345575962,7.877569004058995,0.11643768400948472,11.951952455612822,0.02559159882664539
22322174.29048414,7.872420929644219,0.08505423902346766,11.933586071350698,0.025402392833095425
22405701.23539232,7.859155823387456,0.048092976951968396,11.938685144767017,0.02648107859059949
22489228.1803005,7.885772392243207,0.03922647214616899,11.936442474060772,0.012518434270536276
22572755.125208683,7.9000330303466315,0.05670445802747569,11.935184373046152,0.03163512085782964
22656282.070116863,7.937864321560523,0.05169010347301549,11.936513191447528,0.018233682920413483
22739809.015025042,7.981940377610869,0.05129207800006818,11.96986126745607,0.023460586471365227
22823335.95993322,8.033618857955704,0.03766492298878589,11.95838861309839,0.016265122566958935
22906862.904841404,8.057984978456041,0.04177264877624479,11.929166973052237,0.015914443163542492
22990389.849749584,8.0428565879377,0.04039303919960282,11.949782574322631,0.012494501355249916
23073916.794657763,8.035653249324792,0.04879791750037465,11.926266834406931,0.022478781910259635
23157443.739565942,8.051262473598507,0.04991403348502012,11.930819271469751,0.021778141569264112
23240970.684474126,8.027941496412978,0.07990554949664597,11.946726314064152,0.01589211917483452
23324497.629382305,8.090859189439277,0.08129439132063689,11.953238816484328,0.016062444746671647
23408024.574290484,8.082466945911683,0.0788854603527038,11.98571038444553,0.013042885575238902
23491551.519198664,8.046482708840639,0.07436835784366523,11.982159428819196,0.022095470022077845
23575078.464106847,8.063945239966799,0.09503290572514705,11.963024980597908,0.02669401142614761
23658605.409015026,8.043903744133896,0.09610605225905888,11.961373519119594,0.027880058247329916
23742132.353923205,8.026018956505109,0.09854834853738893,11.939998576397603,0.032443259588348504
23825659.298831385,8.054268893949708,0.12106801748973263,11.908873945103485,0.03646101358542253
23909186.243739568,8.073577200862065,0.12499284671639832,11.942896192108947,0.03445903457556446
23992713.188647747,8.056147160197144,0.12317897032427688,11.922550493917086,0.021178072170085688
24076240.133555926,8.01161275868918,0.10865288644544084,11.938167942264041,0.020288888333250554
24159767.07846411,8.012525854784228,0.10522561102061893,11.952233419630234,0.0345232308280284
24243294.02337229,8.000577213500938,0.0990073765059331,11.962522704123206,0.0341710402316877
24326820.968280468,7.997068775121891,0.09558726324559975,11.983562286984753,0.02101150060343752
24410347.913188647,7.972282446829958,0.08049523272579105,11.974875882868343,0.01913784191748917
24493874.85809683,7.940583668403494,0.08039640882816493,11.982912484957176,0.030416771035880755
24577401.80300501,7.974470265700066,0.09072683765780618,11.928847487057562,0.02784365150802537
24660928.74791319,7.984815246209377,0.07308232042097068,11.936028924573218,0.03183372360026385
24744455.69282137,7.967173813594241,0.07303183597438309,11.940851460337331,0.017736694164056654
24827982.63772955,7.959685049451295,0.06724420472998914,11.922564591562471,0.015843053945548663
24911509.58263773,7.989995394529947,0.06704578848875702,11.93355495068303,0.033472051212684255
24995036.52754591,7.935744788283894,0.0563536778456362,11.984302611663628,0.03141682451050257
25078563.47245409,8.340626961713872,0.051032226068746606,12.039630964742358,0.03158712794145235
25162090.417362273,8.159174545784113,0.07766824005039052,11.831238362213806,0.02565097122121164
25245617.362270452,8.137825057372032,0.10482461314985715,11.86334425316349,0.01871532488849182
25329144.30717863,8.093503767701772,0.08717603720568516,11.91278918846574,0.03139397129604259
25412671.25208681,8.093964196335401,0.07853686998455449,11.88947562117016,0.02848513960266539
25496198.196994994,8.086082186968737,0.0974574827027106,11.89542377488091,0.022194290933514965
25579725.141903173,8.14190480758608,0.10712083036457283,11.896177577950874,0.02345214548416682
25663252.086811353,8.071365872248224,0.08203428886902814,11.910425306014213,0.018095983938065597
25746779.031719532,8.098229498234943,0.07918276840309868,11.910622973392108,0.021054742566784055
25830305.976627715,8.08105852880345,0.0825119540680411,11.898389129555138,0.020878980121538306
25913832.921535894,8.081793945963739,0.06305449548315521,11.90497375694008,0.018428575082734367
25997359.866444074,8.029834743857558,0.07588844664544053,11.92384689661491,0.026332426355286053
26080886.811352253,8.0542521997918,0.08482874415888812,11.887789654946328,0.02478229197533452
26164413.756260436,8.063511784270318,0.11676127120934542,11.905258949996067,0.020628493128118017
26247940.701168615,8.04284549960472,0.11916705870882288,11.906001551087883,0.01890137222877521
26331467.646076795,8.04333062518768,0.10925468308082059,11.941184599339774,0.012811412780939807
26414994.590984974,8.034306743211378,0.07319259820252971,11.95052082422118,0.023813653755640207
26498521.535893157,8.013585224039872,0.08963923461098199,11.940589414034847,0.027683852967091378
26582048.480801336,8.016182573084052,0.0871073229903197,11.951253436125459,0.02899909842813509
26665575.425709516,7.96734018705375,0.09638916433364281,11.925101345376845,0.028872298275596966
26749102.370617695,8.000409219033099,0.09777246810320551,11.931674077928784,0.03158762616106811
26832629.31552588,7.979444808885715,0.08469834665242244,11.940877206062451,0.028630464491692046
26916156.260434058,8.026089277949058,0.08655559748264247,11.948473435740784,0.03741698550432219
26999683.205342237,8.037391726908497,0.0815971950568705,11.941280044334842,0.028512412428539153
27083210.15025042,8.041519205441531,0.09810892301673026,11.943583560496254,0.01835956406477827
27166737.0951586,8.043801011749043,0.09581402322974401,11.933819360390723,0.019551932713994653
27250264.04006678,7.991492946494762,0.08344200516892028,11.94476235153465,0.030801695864547483
27333790.984974958,7.966379952735686,0.077447232894733,11.920431853074534,0.01824153644677877
27417317.92988314,8.007911678444154,0.0959108574554693,11.907332778305179,0.01844443802138898
27500844.87479132,7.99222590203553,0.11720217478865477,11.911469215976387,0.017795223175929364
27584371.8196995,7.99522106077301,0.1208487818267474,11.955473017576418,0.012828201930886603
27667898.76460768,7.973768624200359,0.11583532673124491,11.953741301282866,0.023139369687291498
27751425.709515862,8.018309941257195,0.09486269910268808,11.921623663707537,0.023437835088661832
27834952.65442404,8.087882092729632,0.09313234620363323,11.931465021800602,0.04179261683465637
27918479.59933222,8.121605618454073,0.05301179160533573,11.934503986212201,0.026837718206590436
28002006.5442404,8.121942087541134,0.0369428793777912,11.942679785235669,0.023950429592728133
28085533.489148583,8.147670052238825,0.041519414883210495,11.92804374846175,0.025454895525437754
28169060.434056763,8.118699265909607,0.07009913983618894,11.930956316436333,0.02170312679144207
28252587.378964942,8.097017107392656,0.08214116968274597,11.91442850762375,0.015318886129892881
28336114.32387312,8.157233737722137,0.0830512115289449,11.929405767481564,0.017821313859500185
28419641.268781304,8.191960761464525,0.08590672499791671,11.91171220083962,0.024772949083706815
28503168.213689484,8.14375696212181,0.08460260139707348,11.910885120153093,0.025944425966075955
28586695.158597663,8.099383671081593,0.08660972409330718,11.884895280009804,0.02507291980610472
28670222.103505842,8.066718278325062,0.06344578688272622,11.864493011589044,0.027974136959263835
28753749.048414025,8.012011507950834,0.06784197537756746,11.87588617963643,0.03042953309083293
28837275.993322205,8.034256960118288,0.041206562314989974,11.890832250328915,0.02687929670621325
28920802.938230384,8.018462231585035,0.031157771397593632,11.86917328307634,0.040857317392015244
29004329.883138563,8.053575661312639,0.06410987304933262,11.887520562797194,0.041343927996798084
29087856.828046747,8.03190097702952,0.09560242366449079,11.90202796869659,0.05176289342656564
29171383.772954926,8.014534488125964,0.09419114060635561,11.915001967278535,0.023457009172049684
29254910.717863105,8.008359199578553,0.09369303253311521,11.898845069135628,0.0254128926031536
29338437.662771285,8.026377765048249,0.08810457987929776,11.88311591249104,0.035951155826037
29421964.607679468,8.07465539926097,0.06298074165091014,11.898327388978883,0.043496442861145124
29505491.552587647,8.090866063988875,0.06955397631796291,11.901725284436592,0.04557363214030867
29589018.497495826,8.102770011614485,0.08950343754358334,11.870690498367251,0.05318719561367252
29672545.44240401,8.118015682084259,0.08781035224151794,11.870290642347253,0.0455017472167386
29756072.38731219,8.16529500935973,0.09164657285092573,11.909063809309192,0.04331438343496491
29839599.332220368,8.149446436899376,0.08574503510207963,11.889160357707231,0.03429606039745635
29923126.277128547,8.17844900432117,0.06679531214268038,11.917031552683678,0.04288622117670262
30006653.22203673,8.206048935136852,0.07747466812993054,11.896765260191648,0.044209063149149644
30090180.16694491,8.213251044262773,0.08739328077115054,11.905135132039845,0.02084299101220349
30173707.11185309,8.231560309322834,0.08807471926595273,11.892409296793844,0.03347698342812986
30257234.05676127,8.20666564924559,0.09595913890844873,11.892947726715795,0.0373918656555013
30340761.00166945,8.201685339899079,0.09255147592588808,11.910328302332756,0.028621344955832594
30424287.94657763,8.175139544981237,0.10334495214766858,11.92255405317244,0.02959565435334409
30507814.89148581,8.116849892877095,0.1167835172801682,11.941337858843784,0.03599584815950708
30591341.83639399,8.118408789022622,0.13031930049802357,11.966951114256036,0.023981345866162657
30674868.781302173,8.025857554947205,0.1328634859569339,11.973388469955827,0.033005029248097985
30758395.726210352,7.979539531223769,0.16228243303846882,11.968289985663219,0.046747076772970464
30841922.67111853,8.005990364492666,0.18290464356713967,11.948599318521431,0.041522225640971036
30925449.61602671,8.020474479144388,0.179081804899805,11.911513977032634,0.0369130419767896
31008976.560934894,8.069196653449946,0.1609119212217698,11.908497348305598,0.038827523261413914
31092503.505843073,8.02417150733343,0.12493953103993144,11.887182405880086,0.04615638762329526
31176030.450751252,8.06697588100781,0.1441313821779721,11.923633092533288,0.05994970080712467
31259557.39565943,8.104744332389314,0.1421191256867578,11.930115021055101,0.056245599481139885
31343084.340567615,8.09875783598381,0.14210800956284889,11.93443997486043,0.052901623816755824
31426611.285475794,8.106635588505322,0.14389902034064136,11.899609704788286,0.04440426410633093
31510138.230383974,8.105411769055161,0.16308569511912577,11.88964304139581,0.04997511297954016
31593665.175292153,8.160282129955728,0.17304594211316196,11.892029259856319,0.04786306560810781
31677192.120200336,8.125753791893397,0.1660708888366339,11.916695453436907,0.05297529099620489
31760719.065108515,8.126109366164167,0.1583926384475657,11.919922464978168,0.050302740491263605
31844246.010016695,8.08515182715536,0.15508318881118813,11.963749851249895,0.05105656574374252
31927772.954924874,8.096853394965734,0.15278285801593017,11.965695282726866,0.05048419902160112
32011299.899833057,8.125139230367656,0.16325119078173048,11.929368720866439,0.04880025887514118
32094826.844741236,8.09175877457503,0.132621021423389,11.916188880223867,0.038368071520807685
32178353.789649416,8.079123803594944,0.12869307556708293,11.912147045763273,0.03147777055637346
32261880.7345576,8.101847052254996,0.1353135245090029,11.939413739988659,0.036359063225783625
32345407.67946578,8.112480284554621,0.1368854351107343,11.933811120543776,0.03153460550174505
32428934.624373958,8.106990992016193,0.12405388012951545,11.929177014977459,0.04854924790993931
32512461.569282137,8.155551749205827,0.13303784427860782,11.908078950181206,0.046086582549100245
32595988.51419032,8.180659110424372,0.12463168838598027,11.935564804814806,0.04734997666362095
32679515.4590985,8.169712431070009,0.11051892756244816,11.91529732000474,0.040793539818724966
32763042.40400668,8.145090149060625,0.10706922577512486,11.942071247948242,0.052462507477472525
32846569.348914858,8.159447083121337,0.09598447050638395,11.935998522688568,0.04965480096856038
32930096.29382304,8.112893025790632,0.07422507223879068,11.910934957393795,0.051944185137441486
33013623.23873122,8.12221690262749,0.07113598449582562,11.9153825201399,0.053547946209308986
33097150.1836394,8.147936465837027,0.07044095870387312,11.941093292647846,0.04721587681195082
33180677.12854758,8.151485096501268,0.06765523868248692,11.918711254862753,0.04220787970401923
33264204.073455762,8.162575177627662,0.07010517394205416,11.9225496100893,0.042086545233104976
33347731.01836394,8.137776470777057,0.07025921781513131,11.9273103614155,0.049296559383323
33431257.96327212,8.151788695855657,0.09183808455592671,11.964777138756347,0.05501513123703163
33514784.9081803,8.155567446151945,0.1067078474757327,11.94702015089814,0.049982574782375444
33598311.85308848,8.108103086829582,0.12702096495057658,11.950472801494865,0.05328467200908487
33681838.79799666,8.113285630258995,0.1247628527455135,11.893360825584887,0.04704007650888851
33765365.74290484,8.14116092520032,0.13527661871502733,11.900870074908234,0.053641039652397124
33848892.68781302,8.156884567558999,0.12446687398068881,11.902322436593982,0.046907629567673546
33932419.6327212,8.099841063565808,0.1065006660158595,11.926356611498234,0.04265323156045306
34015946.57762938,8.09776750885188,0.10137045922935621,11.895035689640801,0.04620265190405906
34099473.52253757,8.064502623397583,0.09509997526958544,11.924064627972038,0.061484819084829986
34183000.467445746,8.064017696097588,0.11969361438478636,11.92305156494842,0.06108446324708836
34266527.412353925,8.047275760894468,0.09773818093172722,11.90429670215553,0.050856143915253574
34350054.357262105,8.018500436229974,0.09710282935476662,11.888919961086568,0.045605965637506005
34433581.302170284,8.044428676356453,0.10295701625879325,11.883269435849282,0.04897768826029899
34517108.24707846,8.049065708674112,0.09714493991965802,11.892713720287446,0.045584992748272525
34600635.19198664,8.11064034819605,0.11116068340166449,11.909143170479492,0.043240353543287154
34684162.13689482,8.110027767560593,0.10376003447355168,11.899403762189701,0.049684348821748055
34767689.08180301,8.182674864144882,0.10748870708574611,11.923060200479533,0.052811014916032836
34851216.02671119,8.186881976824688,0.1189350050686655,11.926361244357114,0.047143831068178724
34934742.97161937,8.15786029124782,0.08587178442299365,11.927598646168253,0.0382579611279691
35018269.91652755,8.104512489826213,0.10538478355546652,11.935989124568518,0.048943244461758996
35101796.86143573,8.109700884630767,0.11078444804857933,11.964014205486347,0.04369512608961478
35185323.806343906,8.140823217117056,0.10227177042438401,11.962871578870338,0.046790155555423686
35268850.751252085,8.178928339291918,0.11366495011169357,11.960662017311382,0.04670146518516242
35352377.69616027,8.19360544079095,0.10385464342336363,11.929105802332682,0.04420303712871096
35435904.64106845,8.225267542339092,0.09697252104514081,11.932354520225468,0.04669306202251899
35519431.58597663,8.283352114113226,0.09003722979467382,11.957922059584178,0.05257891205382969
35602958.53088481,8.268434215764785,0.05758467189578343,11.96867507562877,0.04668185728903411
35686485.47579299,8.210185389861618,0.06418154638747044,11.956544957292211,0.05349209534965967
35770012.42070117,8.154436551137113,0.08348167504360701,11.943938272901365,0.05596993480694684
35853539.36560935,8.14459409060255,0.0967770214040862,11.947248574078392,0.06269130011478533
35937066.31051753,8.151361723655958,0.11433849718803675,11.936467545363973,0.07265144917818399
36020593.255425714,8.18363758902154,0.12119910415146336,11.939050887205374,0.06475790767867691
36104120.20033389,8.179044898821015,0.1358275484260457,11.96350095895551,0.067798197181612
36187647.14524207,8.210353054331936,0.1402335221222783,11.965423977405013,0.06319433365096308
36271174.09015025,8.242048463563057,0.14505057998072637,11.960897059735478,0.04347846598305444
36354701.03505843,8.224202798982867,0.13703154903056342,11.969313090449306,0.05592777807455701
36438227.97996661,8.226626620091562,0.12398351802655257,11.968504547687022,0.05789807824707192
36521754.92487479,8.234698861824956,0.1196488550328213,11.9482906262551,0.04574443982626298
36605281.86978297,8.246704614258027,0.14211983538222936,11.94775250569729,0.047643131100568684
36688808.814691156,8.252700680697988,0.12400079133915462,11.92381287184718,0.04838585833605395
36772335.759599335,8.276073781758154,0.12666660504736513,11.8990670763018,0.04154391293509543
36855862.704507515,8.227869531231644,0.1493752184582028,11.893751040331038,0.04284454121143416
36939389.649415694,8.210608955267857,0.1696455315436846,11.906118049524808,0.05825569360923946
37022916.59432387,8.220340566372025,0.16256210782125388,11.898910937221075,0.05309712892047734
37106443.53923205,8.224199313381082,0.17275891297480003,11.909271695582666,0.05411278351060081
37189970.48414023,8.215754627751323,0.17402770457252825,11.904930190083963,0.04882280691102373
37273497.42904841,8.215587313974881,0.1629072347691779,11.904205222992498,0.042966067309953525
37357024.3739566,8.166182526403995,0.13865015925059004,11.922692754254538,0.055745483630217
37440551.31886478,8.142723180611348,0.11728312733837179,11.935272537836031,0.04238632145281597
37524078.26377296,8.155917689760306,0.10436696659120033,11.915772648028014,0.04536863663995641
37607605.20868114,8.526289662866066,0.10121411291197005,11.983984848113518,0.04486556671338429
37691132.153589316,8.355795300231685,0.1060129525800189,11.820582152267189,0.04021774612576719
37774659.098497495,8.226760775898585,0.12056868553125145,11.850950095634023,0.0567569979239797
37858186.043405674,8.130070780716078,0.1295482292270145,11.904366755091726,0.05913694247483293
37941712.98831386,8.085118020092088,0.1545503205714129,11.872396788160938,0.05351045880213543
38025239.93322204,8.057059202313905,0.16220806853523664,11.906297469129454,0.06189819642704215
38108766.87813022,8.044339865708796,0.15222808737784962,11.868085918630289,0.06299878872866087
38192293.8230384,8.038230700906357,0.14929399886182615,11.919117374652364,0.053506401064750256
38275820.76794658,8.017583323753021,0.13237669274941924,11.936950104790972,0.04823958730048535
38359347.71285476,8.03193110526087,0.15280919443860513,11.960134605901924,0.05402361552578519
38442874.65776294,8.047353929474099,0.1547232312120188,11.947347245414477,0.04722816560362732
38526401.60267112,8.062630755886374,0.14666142580932354,11.962647255116973,0.04680128312425017
38609928.5475793,8.081385388229235,0.15654611668806737,11.962783039742108,0.046863433301089163
38693455.49248748,8.120974239612961,0.18023325786488814,11.964612872586056,0.04177616675781283
38776982.43739566,8.113520329330036,0.18131496789936277,11.96438016136772,0.04982141592028305
38860509.38230384,8.148440228909745,0.1979651071812079,11.97203261223479,0.05650232584981739
38944036.32721202,8.156392325121436,0.18310678945987002,11.940719720474018,0.05610550049152848
39027563.2721202,8.185964632456784,0.17153526316260628,11.929618772631718,0.05478092139034723
39111090.21702838,8.202075021360496,0.13786163257801334,11.957500626644457,0.04814723291310737
39194617.16193656,8.200949280070477,0.1491821388236717,11.989210590894462,0.04108391755785988
39278144.106844746,8.197154852707905,0.14317935202936152,11.968366834212425,0.04191405197090211
39361671.051752925,8.166362355480098,0.13765845861764373,11.95858299192983,0.046910364375352696
39445197.996661104,8.180363843932268,0.14340158943129397,11.961228711445019,0.05856439301114893
39528724.94156928,8.171689467006003,0.1263016925236134,11.976756944811314,0.04466603023863301
39612251.88647746,8.152670743630052,0.12809715101078692,12.002978504997284,0.04522799332831573
39695778.83138564,8.157829462345061,0.13380561552375866,11.988931287085235,0.04493109183707519
39779305.77629382,8.106646936743696,0.11918315748148095,11.989811176013465,0.048895676020017646
39862832.721202,8.12691200524362,0.125265738366049,11.98626656896174,0.04885276335560012
39946359.66611019,8.13646222432109,0.12019284202712267,11.979019564672159,0.05706293684378346
40029886.61101837,8.160585290916659,0.12024011148447894,11.977108152376978,0.05406759981770258
40113413.55592655,8.150524879672156,0.10338128340717008,11.957670238524267,0.05977351478695142
40196940.500834726,8.16511238632815,0.08796823860059168,11.93845196358324,0.07007076043838062
40280467.445742905,8.179284184857824,0.10082881507006822,11.953338653413772,0.050957932528542096
40363994.390651084,8.198569844347803,0.1037677216670522,11.936642214629952,0.04988347403612689
40447521.335559264,8.151076096287728,0.12445516048024595,11.946277939368215,0.044384984671583645
40531048.28046745,8.162116836053325,0.09529244494873096,11.97147848064277,0.032199577982841975
40614575.22537563,8.193402931988022,0.11543065903911214,11.948661749985288,0.031796028118282665
40698102.17028381,8.189293542767647,0.11554981098522735,11.937932286406408,0.035469084429194137
40781629.11519199,8.16964385397851,0.1176527159845547,11.964169227599093,0.03960339419074415
40865156.06010017,8.164388406474165,0.10704057305722633,11.954502508506367,0.03816493169256647
40948683.00500835,8.167788760059508,0.09976416561962329,11.940175814523784,0.03806580646232564
41032209.94991653,8.20710652965178,0.07970755389696393,11.93127991704687,0.05171027863625093
41115736.894824706,8.175626713794674,0.1030742480569076,11.953640175143667,0.05230942068167114
41199263.83973289,8.190966421764493,0.10302694427198829,11.985583543859079,0.057558962278396866
41282790.78464107,8.22185103473,0.07678489149632282,11.984255497398175,0.051375920153056864
41366317.72954925,8.198824478078954,0.08363720308797902,11.99114856789131,0.043471007725366655
41449844.67445743,8.159524291025386,0.08827341113923937,11.989329078390865,0.051368342360217575
41533371.61936561,8.194916691182886,0.10118848266971064,11.971266874130604,0.06119324023968928
41616898.56427379,8.207112114465719,0.06569170170426385,11.964089726515938,0.054062715521408726
41700425.50918197,8.191247711551522,0.06656498526389171,11.957036272000257,0.052254227900514844
41783952.45409015,8.164965171167564,0.08073407480301101,11.94335894884205,0.04894964003478091
41867479.398998335,8.183926032291406,0.08111366727959383,11.954098851741376,0.05111762001895158
41951006.343906514,8.218919363501234,0.10927030382066531,11.949674004458107,0.04059971394150633
42034533.28881469,8.215924268226836,0.10279064057522777,11.960001288255816,0.04559861119226816
42118060.23372287,8.217455842402877,0.0948673448251008,11.948303903236871,0.05204363282184742
42201587.17863105,8.289816232820868,0.08227978759237942,11.96791802477396,0.04822566090296036
42285114.12353923,8.259979841607866,0.07048466066236272,11.96863274557821,0.05007080108674355
42368641.06844741,8.274092459054467,0.062594162828147,11.977810383300627,0.05453845730323758
42452168.01335559,8.244475752941083,0.0893339994948048,11.966932767950864,0.04222776827241934
42535694.95826378,8.264695606227423,0.10443155277522977,11.976507379222966,0.04781507130271845
42619221.90317196,8.246723942287511,0.10158592752852205,11.984163680927134,0.04949035661094752
42702748.848080136,8.196144073498848,0.1161404752434434,11.992082312223713,0.05729903138666959
42786275.792988315,8.212429440922133,0.1219825042182836,11.989676896707044,0.057569250496222066
42869802.737896495,8.197813904266871,0.12033694737992917,11.982126316281347,0.06810273200650707
42953329.682804674,8.166123839907687,0.11438317677652562,11.992764970819684,0.060428571393885785
43036856.62771285,8.179909535683302,0.11228837568137873,11.97471222943798,0.03885566060393884
43120383.57262104,8.122000198234888,0.08631896221050088,11.9699612094828,0.046961960858398
43203910.51752922,8.140925620300495,0.06291655040518573,11.9897323545777,0.04195229291326885
43287437.4624374,8.128501895193216,0.05995241840538471,12.000454482876433,0.04368848060067217
43370964.40734558,8.138328795978266,0.07764749727838098,11.989832897529125,0.04580959862443762
43454491.35225376,8.142422555832137,0.0929953603868229,11.984439913327932,0.03168920475348657
43538018.29716194,8.152525925719592,0.10249985046734784,11.996266178748039,0.02801877599295704
43621545.242070116,8.161505342897787,0.07997557437582632,11.996721640149923,0.034210343642780784
43705072.186978295,8.25716845907066,0.08995042600451024,11.963595644489113,0.04862559480014771
43788599.13188648,8.294067840037709,0.09282877807337997,11.966060649935027,0.033352587027814296
43872126.07679466,8.333251433906208,0.09416022902833159,11.928250035848512,0.05953753681157947
43955653.02170284,8.348715417062241,0.09368613435756382,11.943764209548341,0.05726383989077334
44039179.96661102,8.308637327331208,0.11221389034049009,11.950277232832926,0.06276424090338095
44122706.9115192,8.245584178125014,0.14234463101687336,11.944761316283117,0.05108707749039853
44206233.85642738,8.27313756564655,0.1362917863870104,11.955924758393072,0.05772563300921212
44289760.80133556,8.274784802696797,0.15243905193058555,11.94342191726689,0.05899008609731757
44373287.74624374,8.326625414257496,0.14735058428471662,11.949104090447097,0.06307626298495231
44456814.691151924,8.340389626811536,0.12980260907683194,11.977999907926852,0.05640873021445393
44540341.636060104,8.30674286738782,0.12423555291696368,11.982223330104878,0.05500455968471399
44623868.58096828,8.277130417659512,0.13505097699804236,11.986734999424685,0.0558054264514861
44707395.52587646,8.2198025226167,0.13909930693641007,11.97731431147382,0.050581762884713104
44790922.47078464,8.169499189044936,0.15378430680350877,11.973016309820753,0.045599260723730425
44874449.41569282,8.144508433939327,0.15698998173134224,11.955015782608992,0.03880644080950103
44957976.360601,8.099367978419972,0.16126996360558823,11.950001031783149,0.03095551563216738
45041503.30550918,8.072738438726782,0.1536964370802958,11.962799415141806,0.047784629821318536
45125030.25041737,8.106858859721674,0.11959647848819378,11.986412836169531,0.04710698578805373
45208557.195325546,8.104923066244163,0.09652330987517478,11.985290249831959,0.04163483350007899
45292084.140233725,8.112100732844747,0.08884890635366892,11.964423929081653,0.027338736352456528
45375611.085141905,8.103002800924362,0.11035680711975808,11.97821955962724,0.02812600563402689
45459138.030050084,8.104151312845572,0.08976350892790129,11.98684929007967,0.03215007137832367
45542664.97495826,8.071515047648106,0.09811977368849266,11.981909401439935,0.02987431814455038
45626191.91986644,8.084260336266388,0.09568718274626926,11.984628328159971,0.03518321205583421
45709718.86477463,8.115377577840514,0.11747513851461226,11.991426572983253,0.03711569088581034
45793245.80968281,8.132068119857424,0.12130079941803917,12.015007204880016,0.04090582118519347
45876772.75459099,8.153385042115472,0.13996633879151907,12.03045558729426,0.0476237988778633
45960299.69949917,8.14798381259285,0.1426462314258896,12.014287300608947,0.05759892077136568
46043826.64440735,8.1195558766091,0.14781544470468402,12.001248676558369,0.06015741631721437
46127353.589315526,8.142186294605576,0.16469165166998906,12.00180880574294,0.06331738468099876
46210880.534223706,8.164065969380907,0.18905658789466348,12.001256905839647,0.05188552330171516
46294407.479131885,8.162107376644396,0.19886941273543512,11.977237851881261,0.04873208686482148
46377934.42404007,8.165794703323614,0.19677340434349244,11.976836802974923,0.04562955671066715
46461461.36894825,8.178965814380518,0.19900325202560662,11.993593201431421,0.02760233925153698
46544988.31385643,8.186723003374555,0.1771132227726552,11.999651743326897,0.0348259399722646
46628515.25876461,8.190788162564326,0.1668479215858324,11.985424134140661,0.038944083960838205
46712042.20367279,8.180492733357216,0.18382286173797988,11.954670951482091,0.029957725167698734
46795569.14858097,8.15443003121381,0.1733336033164851,11.985968605095502,0.03573994082083099
46879096.09348915,8.113871536601705,0.1502586334674296,11.97307937110829,0.038560548928337116
46962623.03839733,8.114149937730431,0.15981048744480805,11.990883493106342,0.04335471602524774
47046149.983305514,8.114288907713505,0.16545762211645426,11.999019640551795,0.03584643427023977
47129676.92821369,8.12714121192226,0.1291306068174651,12.028959713902786,0.03813931276017809
47213203.87312187,8.111111624932962,0.13502623024758223,12.031789761017748,0.04208013089104956
47296730.81803005,8.06719008728283,0.13093492781072724,12.002376151810607,0.04623055071895028
47380257.76293823,8.038399639873479,0.14594908736830708,11.987421680168236,0.03881398808446283
47463784.70784641,8.034472439056213,0.15336261215893632,11.981601299293555,0.03462961689159393
47547311.65275459,8.053758700150727,0.11269317036183045,11.992817170025692,0.029987626308568993
47630838.59766277,8.080031293902639,0.11703231027982115,12.01412229601145,0.014539483247444761
47714365.542570956,8.111814967637414,0.12197927833073278,12.003181757169623,0.014157956012376897
47797892.487479135,8.150404876432237,0.10576389879843326,12.026933477216398,0.020668720731599206
47881419.432387315,8.172598059731238,0.13050587194770807,12.010942626152977,0.023197357387600006
47964946.377295494,8.167893426037354,0.16457383944312917,12.013226292444495,0.01926737793576062
48048473.32220367,8.213891900435442,0.15754245403981165,12.01514407718854,0.04155110136585305
48132000.26711185,8.213727374328755,0.1626671861585787,12.004922933466895,0.03864778973245305
48215527.21202003,8.200562062588237,0.17769723379857824,12.010544801674541,0.04266175522374368
48299054.15692822,8.162078057973064,0.19606071478479886,11.986312439891961,0.04913436072013696
48382581.1018364,8.156038637332141,0.16998687162427295,11.968418655428266,0.03835187726301047
48466108.04674458,8.18378550050599,0.1579916086797399,11.97954172405993,0.04195761546658768
48549634.99165276,8.216039671381443,0.1548722606951035,11.972216370513825,0.03160926233505457
48633161.936560936,8.253895403139587,0.16809912088786166,11.939303301164335,0.042219162125664525
48716688.881469116,8.253885012174255,0.15747073708012588,11.936003480550912,0.03636695955812664
48800215.826377295,8.26792312867786,0.146192560103112,11.935553370677942,0.027926369763815545
48883742.771285474,8.275348509139631,0.1459757512695753,11.960265769095136,0.03270140285309909
48967269.71619366,8.27344051615826,0.14466699635384095,11.939607114750379,0.02939682151818501
49050796.66110184,8.258926542904494,0.13389401909716098,11.95681898559452,0.033539381629035456
49134323.60601002,8.252148415572746,0.14169719091894775,11.979969607608538,0.0397171809157191
49217850.5509182,8.323509811393137,0.16767775279049738,11.991175092799129,0.03343444980421131
49301377.49582638,8.238214907373768,0.16994504685625147,12.000172471336514,0.03440751027043338
49384904.44073456,8.220048496809323,0.15839299952435631,11.995568909161223,0.030445298334079298
49468431.38564274,8.202500483407501,0.14283417525329933,11.962877365861615,0.029494343010322454
49551958.33055092,8.203214732226979,0.10758894320795914,11.99274048836985,0.028751224632795863
49635485.2754591,8.199166238436739,0.10403172155780659,11.969146074033844,0.03475902038305793
49719012.22036728,8.212116871856825,0.08050285886095114,11.989647982630732,0.03659447321250717
49802539.16527546,8.18643745963596,0.10270023198768581,12.017055747986873,0.03033117690397886
49886066.11018364,8.221203260734375,0.13609852501772013,12.007430855742115,0.028954042637856503
49969593.05509182,8.212787522099772,0.1439501753760439,12.026028737882916,0.03224627984428471
50053120.0,8.240749251025582,0.16841026014689695,12.049606137559689,0.03006652361098195
