x,Cartesian Increment_mean,Cartesian Increment_stderr,Velocity_mean,Velocity_stderr,Position Increment_mean,Position Increment_stderr,Torque_mean,Torque_stderr
95590.4,2.122689400613308,0.04225564452111722,1.874354612827301,0.0735724700397699,1.7350584279331898,0.03389001463260836,0.8386231840672818,0.0502124959093147
245811.19999999998,3.512781327111381,0.03331496820613027,3.140487555095128,0.05276540559370978,2.8514660835266112,0.06424550794767138,1.7399422645568847,0.012875095045811802
396032.0,4.09094463288784,0.059991886389010665,3.6406029020036974,0.053684268873359156,3.317283460072109,0.04124714843669109,1.9344101394925801,0.01780212134503082
546252.7999999999,4.230944122586932,0.049786190363906295,4.029482930898666,0.02436377727731729,3.8179366677999496,0.04874903253289036,2.050534203648567,0.028651739422753272
696473.6,4.341732900483268,0.035473216962487196,4.2131748880658835,0.04021191122927912,4.127024207796369,0.05734537797181799,2.1289107867649624,0.04552025240139564
846694.3999999999,4.659658274054527,0.15365721795068701,4.376868874686105,0.047581758517911535,4.322506737709046,0.04573063466344112,2.1995460374014715,0.05162503337796658
996915.2,5.552293338094439,0.1966776958602095,4.387237143516541,0.08375200086032346,4.5431090772151945,0.06311834977408583,2.319094534218311,0.036283595141695324
1147136.0,6.549427897589547,0.19209999944244135,4.388042109353202,0.0616543510452131,4.696419743129185,0.07317417677857771,2.4531172445842198,0.05371663865561262
1297356.7999999998,7.055315974354744,0.27011810515512996,4.566736875261579,0.0537834142244322,4.957041038785661,0.16095762153012988,2.52001827444349,0.07518941673485964
1447577.6,7.906706203733171,0.2536957013213113,4.555744910240174,0.09522572529393063,5.324666011333465,0.26033837109660896,2.5788260787725448,0.06311868185627777
1597798.4,8.470965998513359,0.21923993877245757,4.57152235848563,0.0730620721477798,5.815356520244054,0.3708584210686004,2.6254397256033766,0.07125433382352886
1748019.1999999997,9.11791900396347,0.20850804899788908,4.631707423073905,0.04315987289607071,6.1498252800532756,0.4393670152586441,2.7195863791874473,0.08687392629254095
1898240.0,9.49585281099592,0.20086168881086797,4.606697034835816,0.04788752893986295,6.632486891746521,0.4943638838965952,2.72188278734684,0.08317016299435588
2048460.7999999998,9.69724370411464,0.18511043397987215,4.637292030879429,0.05433217348013925,7.039359896523612,0.495316603675717,2.838589341299875,0.09733296401460353
2198681.5999999996,10.005597186088561,0.1456271647655949,4.703997141974313,0.03915878335071325,7.417741482598442,0.4742448964001821,2.860913566180638,0.1249969145178992
2348902.4,10.169837706429616,0.1422624312555217,4.734429430961609,0.061128569114262996,8.076571476459502,0.4259110440374918,3.01528577208519,0.12006407327080659
2499123.1999999997,10.281830310821533,0.1287464645602542,4.693520975112915,0.10449691637922363,8.350691938400269,0.3909529311682829,3.0362568616867067,0.10477261462232282
2649344.0,10.395858561992645,0.13140772325989114,5.035150391714913,0.2638478712179257,8.746993003572737,0.23683522992874423,3.011067162241255,0.08453811448796339
2799564.8,10.56775074005127,0.10945245486283095,5.362679708003998,0.4030576426098859,8.970704430341721,0.19118934200314086,3.135401514172554,0.0734759844004811
2949785.5999999996,10.491787365504674,0.11485736731325925,5.690260226385933,0.5314774096615154,9.189536421639579,0.16096475656574494,3.166090634890965,0.0928341688642417
3100006.4,10.655757808685303,0.08184436224113824,6.2315993309021,0.5559908422006626,9.372251837594169,0.13481340507362913,3.2233481441225322,0.123242778258554
3250227.1999999997,10.708530126299177,0.09216961668049685,6.776576590538025,0.6426552811734239,9.59498417377472,0.13394726656583464,3.176499232649803,0.09516835785790866
3400448.0,10.697041620526992,0.0855503925132433,7.244632625579834,0.7062645567470764,9.672301483154298,0.1041707195823648,3.2315676042011807,0.12258299133751073
3550668.8,10.73110738992691,0.09719030628008152,7.532953950337,0.7217651900230861,9.774595887320382,0.09018526997544657,3.3383571999413624,0.09704586052610394
3700889.5999999996,10.848683425358363,0.09187559637218355,7.725292566844397,0.6988568623902582,9.917352826254708,0.0781515043286281,3.3429685558591564,0.1276813258418877
3851110.3999999994,10.844396822793142,0.10916510489448457,8.04814071059227,0.6901154784051465,9.964835512638093,0.07460082981989036,3.3227641850709917,0.11497327697144384
4001331.1999999997,10.870214104652405,0.09506643884959087,8.396402147838048,0.6027309362335403,10.01351043156215,0.07028522106588243,3.36677486215319,0.11664856976843375
4151551.9999999995,10.859011595589774,0.05616534940092769,8.88286349432809,0.5123592105262235,10.104280185699462,0.04554834752956598,3.464496888433184,0.11395554286834274
4301772.799999999,10.95410716193063,0.04568729307839321,9.18676466345787,0.4389178448032024,10.16398161649704,0.04690967076032847,3.480855029821396,0.08660020150530481
4451993.6,10.87954159975052,0.05156353096505368,9.564086389541627,0.354651613825199,10.23547282900129,0.030477045146519534,3.388310858181545,0.08888771425373025
4602214.4,10.885923017774308,0.0480797568515986,9.662957968030657,0.38694409430159676,10.255964415413994,0.03739992552211287,3.3218661751065937,0.08547572231604704
4752435.199999999,10.948475401742117,0.05127110806633937,9.832155096530915,0.3403755810202189,10.321756958961487,0.037517476462011555,3.422202816605568,0.08518660466454377
4902656.0,10.954881572723389,0.051980536883550206,9.93540699822562,0.388636217962502,10.242611462729318,0.049027101091748584,3.6154735871723718,0.11516539044961402
5052876.799999999,10.968986606597898,0.032895306979952625,10.054301650183541,0.37991026870355704,10.29867057800293,0.03591824429736601,3.660407059533255,0.11744575791024373
5203097.6,11.018922928401402,0.051561018653355405,10.07776489853859,0.41140629257604533,10.383578276634216,0.05569068301625146,3.7138602524995803,0.11181089163328567
5353318.4,11.005138635635376,0.03830221826159468,10.09205093383789,0.3942192372947403,10.385224614824569,0.033434370033247,3.752009616579328,0.1235926724644511
5503539.199999999,11.004372242518834,0.04933278299468044,10.189638853073122,0.41342321391426845,10.405506883348739,0.04044795694499194,3.7713568687438963,0.11096005504655801
5653760.0,11.039617470332555,0.028381248339099358,10.197325193881989,0.437675270401338,10.481607294082641,0.021943429043151802,3.734705948829651,0.11319876931833651
5803980.799999999,11.059603703022002,0.03912412486849845,10.178208596365794,0.43919533042354675,10.511493859972273,0.033527905714850884,3.714534299714225,0.13890155301629906
5954201.6,11.092010661533902,0.041316604683001794,10.18326460293361,0.4226080428071224,10.54490372794015,0.042816695361144644,3.822088885307312,0.1259433110847769
6104422.4,11.11438753945487,0.04264475299944461,10.233023184537888,0.4691805440377868,10.487603616714477,0.02848941405109485,3.762020173668861,0.09148974993690921
6254643.199999999,11.066071784496307,0.03069121311700816,10.303483213697161,0.43097172306226317,10.573521723066058,0.03482356952939993,3.7707980155944822,0.09916183535178387
6404864.0,11.123756231580462,0.03256465684156524,10.311748075485228,0.4137876999170294,10.58873357772827,0.03301327366247611,3.7684104272297447,0.08417586235862853
6555084.799999999,11.092806707109723,0.03348382484337772,10.314697647094727,0.43387716732368636,10.589229369163514,0.052462153881000256,3.8510913014411927,0.09902236658768396
6705305.6,11.066315746307373,0.051910067479609266,10.387551600592477,0.3907901059522462,10.616355201176233,0.04015091774329148,3.9271809748240885,0.1109511117818946
6855526.399999999,11.104737622397286,0.044636725713695105,10.491437782560077,0.2691384401561839,10.634077317374093,0.031965860426451644,3.962173066820418,0.08065753503223566
7005747.199999999,11.112486839294434,0.033897403617309564,10.556535291671754,0.20525979824295174,10.666419208049774,0.03503611625247385,4.000846865773201,0.08044962068271147
7155968.0,11.113474643230438,0.026988941844982156,10.614229229518344,0.161174711073979,10.60459030696324,0.03597541420122273,3.8784084592546733,0.0833640001081183
7306188.799999999,11.195311668940953,0.029451808025453677,10.644671739850725,0.130007379667841,10.57406497682844,0.037375114252959266,3.858800230707441,0.09234390542923446
7456409.6,11.13177433013916,0.0337822380999566,10.615263421194895,0.09858406814737777,10.546106052398681,0.030171392131784828,3.926498603820801,0.11996250555328893
7606630.399999999,11.25261311531067,0.04009133792031407,9.926564526557922,0.08657508960447728,10.281523513793946,0.03591105453609883,3.845649254322052,0.1197351508435715
7756851.199999999,11.051964528220042,0.03244857807923368,10.707274668557302,0.10217625944578582,10.630814020974295,0.036189956173903366,3.7704431125095907,0.10550033855850965
7907072.0,11.170026343209404,0.02335503199527018,10.756952026912144,0.08487331422230321,10.701638303484234,0.0480834667879842,3.7392827102116173,0.10823524963758278
8057292.799999999,11.129089248180389,0.0312278495596156,10.819725298881531,0.06357133338673127,10.658616733551025,0.038959885371856656,3.7505837351083757,0.1102604998731919
8207513.6,11.13022302900042,0.02215333158671374,10.792191341945102,0.06968803606978465,10.681465911865235,0.04725694846190416,3.785319420269557,0.13483368475191765
8357734.3999999985,11.047318935394287,0.041602357661943756,10.780856704711914,0.046821619138063285,10.660322761535646,0.03681585126064476,3.763824398177011,0.13284131320135173
8507955.2,11.188129949569703,0.03729055242498662,10.82697913646698,0.06312303864257644,10.731268107891083,0.038323022930582915,3.6160287469625474,0.12827872988006184
8658176.0,11.054634039742606,0.042121683652977346,10.829336207253593,0.03208892934794725,10.68815002441406,0.03298946304964265,3.6311818020684377,0.12018478415203311
8808396.799999999,11.030263778141565,0.03867943021081132,10.852323709215437,0.03543091253004705,10.6876946585519,0.03912262577234662,3.6692532232829507,0.09841597727320037
8958617.6,11.07089260816574,0.028921587124178555,10.912701165676117,0.05049079117887838,10.711784744262696,0.03173754875367969,3.611097151041031,0.11107481050431109
9108838.399999999,11.07157301221575,0.03238775853785082,10.902159336635044,0.028877718250664153,10.73317268916539,0.04390685436974883,3.6885685443878176,0.16892533064283385
9259059.2,11.119117873055593,0.023667848530222062,10.920994799477715,0.03445732020885498,10.689873354775566,0.031237207710585253,3.735787766320365,0.18887477083777482
9409280.0,11.13962001800537,0.027619526443623914,10.921274781227112,0.05099253720434747,10.759515523910522,0.029223572554453844,3.732549858093262,0.19105765736585936
9559500.799999999,11.137737355913435,0.035902122217199024,10.954968534197127,0.03644515904903416,10.656319291251048,0.04450214280181125,3.7823170253208707,0.21344398681793378
9709721.6,11.096411977495467,0.029314985564895424,10.9447726385934,0.04032270270391702,10.705630806514195,0.03858376248461205,3.7959420749119355,0.22151725241531284
9859942.399999999,11.107282829284667,0.026191920898650082,10.894767332077027,0.035291915517022134,10.762870454788208,0.03645154026892561,3.840661886334419,0.2142066644647734
10010163.2,11.103803825378419,0.01863050948273015,10.948851490020754,0.04535616895482158,10.73608981541225,0.03256289851084985,3.9107809407370433,0.1842779513250306
10160384.0,11.094921752384732,0.03862276774419666,10.975154195513044,0.0336576672950707,10.747722244262695,0.03821656609554245,3.9099921294621063,0.19899773825577433
10310604.799999999,11.101924812793731,0.030874212629103347,10.979938554763795,0.026471078137346577,10.743290293216706,0.04142114308593157,3.95644993185997,0.21100819967354223
10460825.6,11.133068779536655,0.035742063168448746,10.920048945290702,0.05820567984730234,10.7550991330828,0.041754500912651864,3.9012460776737754,0.2303483542667276
10611046.399999999,11.110966532570975,0.04080822498472742,10.9768474987575,0.04429993049640174,10.788060583387102,0.04477405033313269,3.898378365380423,0.21919117944226504
10761267.2,11.132803356647491,0.04058935111936694,10.929719281196594,0.03734682801000889,10.76284327507019,0.04963734991972936,3.940617415308952,0.20327156650310643
10911488.0,11.115042223249162,0.02427992218445792,10.895537744249616,0.03914948796317373,10.721992669786726,0.048028642148065424,4.00250950881413,0.20870266352080774
11061708.799999999,11.167115647452219,0.026717053576475257,10.917092759268623,0.03650110937635477,10.713492911202565,0.038098158893626,4.007102578026908,0.21058077799208236
11211929.6,11.204209136962891,0.039080652014642066,10.967858055659702,0.041269365240189336,10.747323880876813,0.049886465313057474,4.0281191893986295,0.2106114080588262
11362150.399999999,11.06576110294887,0.04375118614830835,10.982614159584045,0.021419197389250428,10.725581860542297,0.03664700396480712,4.013149446249008,0.2346419772031391
11512371.2,11.105846323285784,0.03446732526836351,10.961523519243514,0.029131055090799877,10.727867140088764,0.06241303977398709,4.051544608388628,0.24796993614102741
11662592.0,11.047600436210633,0.04260190218627012,10.967871652330672,0.04180496398021211,10.701534720829553,0.03971799686165902,4.003433571543011,0.2441582526106618
11812812.799999999,11.139865003313338,0.03500106962676738,10.995475840568542,0.029769096712847103,10.748448860645293,0.027193773679490864,4.086379855871201,0.241556091414692
11963033.6,11.143209348406108,0.040103009384076085,10.909244959694998,0.03125429102049298,10.758202811649868,0.03825647106663649,4.02698928628649,0.2230344497474031
12113254.399999999,11.117888832092286,0.028812842475476313,11.001771354675292,0.03391379138637572,10.739239597320555,0.03514105269181185,4.042144472258432,0.20175508790748362
12263475.2,11.11590415409633,0.029063478188884297,10.979923319816589,0.020954643429105767,10.768663430213929,0.03014125047250082,4.111312779784202,0.19714784134976082
12413696.0,11.08808168683733,0.028356955543997895,10.997693538665771,0.02185322929759643,10.757542937142508,0.040862583540256306,4.125781410081046,0.1896105976724424
12563916.799999999,11.122249376773834,0.0375137503652685,11.008130223410472,0.020563624865528537,10.734056540897914,0.03145436253377977,4.075254617418562,0.19359175117959304
12714137.599999998,11.123841326577324,0.030643883282918543,10.961464476585387,0.026980725816094342,10.760286140441895,0.03695308828882173,4.026838305592537,0.19674540830413392
12864358.399999999,11.152418231964111,0.03021135317727006,11.003155449458529,0.016196256853968295,10.730134664263044,0.03602511217014169,4.064870503970555,0.19403711700185677
13014579.2,11.191283321380615,0.0421027975447157,10.97876477922712,0.023194964269863266,10.782667854854038,0.036645357497684966,4.162199769701276,0.191756487955906
13164800.0,11.156394808632985,0.03423611827715616,10.996039819717407,0.024874799773536408,10.719269251823425,0.04486330491044297,4.04861211180687,0.20303541584588955
13315020.799999999,11.093346091679164,0.031130656895749148,10.980593872070312,0.027257595629648572,10.77147204535348,0.02622010166956439,4.042809343338012,0.21145487784012085
13465241.599999998,11.13934782743454,0.026187169473353505,11.00503706250872,0.03645350500305666,10.701549107687814,0.04041753146378673,4.150187376567295,0.20214184373272
13615462.399999999,11.087952995300293,0.026497027338846853,11.001052618026733,0.02915418371573853,10.72709733247757,0.04060540785989202,4.156770327687264,0.1813190958870723
13765683.2,11.082437256404331,0.02967689346119731,11.014766202654158,0.025021226425650578,10.718550872802734,0.04692007483207183,4.051374932697842,0.1637901696006001
13915904.0,11.097564017772674,0.03934899052573541,11.044916180201938,0.019819505241401855,10.73589036124093,0.02418031613500272,4.085370407785688,0.2060323729841369
14066124.799999999,11.1088988167899,0.034089775702897195,11.023799169063569,0.024005351829199318,10.760654044151305,0.04187159124842164,4.1159579992294315,0.20003669606309418
14216345.599999998,11.10418257032122,0.04465826248714453,10.97375237601144,0.021969826944990594,10.727619334629605,0.03502336363405983,4.1372877325330455,0.21438644310394192
14366566.399999999,11.119074666500092,0.05053870067282932,10.985927772521972,0.027714655595448702,10.701166548047746,0.04194067068661601,4.110690481322153,0.22012488145910059
14516787.2,11.135520022256035,0.03754237108247729,10.982558369636536,0.029288303701293084,10.805924677848816,0.02541048636610001,4.172783994674683,0.194919587464288
14667008.0,11.125081144060408,0.036219803396103534,10.991200120108468,0.028198246788180264,10.781007480621337,0.03355983967481879,4.1222554888044085,0.20033541465451998
14817228.799999999,11.11603832244873,0.03925248513249058,10.994102001190186,0.021775604794188688,10.807475308009558,0.025095574935383017,4.148754603522165,0.21332902143154586
14967449.599999998,11.072822843279159,0.03640088020339705,10.909454277583531,0.013475855350183162,10.66627698625837,0.03366940179358263,4.144943955966405,0.20956813390493043
15117670.399999999,11.25830704825265,0.03226930470794304,10.304053056240082,0.04182477612316683,10.346989166736602,0.0338888303222217,4.128663757443428,0.20612911710393186
15267891.2,10.890731763839721,0.037810742099078705,10.917428684234618,0.02650478250528007,10.696111243111746,0.030375771002987703,3.883218002319336,0.20744726291026755
15418112.0,11.067995398385182,0.04826073064672264,10.989641244070869,0.03134054501756521,10.681806700570242,0.0495955625634849,3.8120963845934193,0.2119242153879392
15568332.799999999,11.034149837493898,0.026358246235839596,11.01005927324295,0.02316708997983735,10.750023019313812,0.038636995323568325,3.784655213356018,0.20783626662547372
15718553.599999998,11.030168294906616,0.040419577954073735,11.016379206521169,0.02505994862526922,10.708424159458705,0.029565108918714868,3.843290380069188,0.21362876645763548
15868774.399999999,11.068588938031878,0.031846402670654306,11.020992824009486,0.023507176556257593,10.726443713051932,0.03448071023893277,3.800408285004752,0.22334586424670302
16018995.2,11.060032394954138,0.044879186692703806,11.026482617855072,0.027655132337521888,10.739506685733796,0.02473267952622765,3.6699095547199247,0.2267311518216594
16169216.0,11.115359079837798,0.03187274640445279,11.034189782823834,0.031164011146232785,10.752230072021485,0.02772443606583672,3.63222872529711,0.24050219027658326
16319436.799999999,11.096551840645926,0.030475206947244524,11.019673470088415,0.028053891203985274,10.730734539031983,0.031017754007441323,3.765403297969273,0.23241746648825407
16469657.599999998,11.077618748801093,0.02685783106273033,11.028073167800903,0.025249847278225032,10.681853795051575,0.038004362754638095,3.7391403019428253,0.21754172979920297
16619878.399999999,11.092380511760712,0.02056563928932096,11.014067499978202,0.031617335952887106,10.77541458947318,0.03008608214466903,3.694202314104353,0.2358717040858618
16770099.2,11.025291538238527,0.03186541226686469,11.001778902326311,0.038005322039585385,10.788846792493548,0.03194949272477979,3.7220048802239547,0.2204844115282452
16920320.0,11.077837521689279,0.025947989760597097,11.015067517757416,0.02933523999813572,10.750520360469817,0.03933722200350827,3.7409296482801437,0.1985858235686704
17070540.799999997,11.09092276096344,0.036921118999244155,11.014248684474401,0.024996154677999982,10.752131489345006,0.04277055616170271,3.76258317061833,0.21547707371052893
17220761.6,11.039478887830462,0.0267247345113735,11.01088822228568,0.026583021026631907,10.704614448547362,0.024220096097533457,3.776300283840724,0.1990192673680566
17370982.4,11.080999605996269,0.028766724745815413,11.037290668487548,0.026835287267387146,10.656649100780488,0.02959552349728259,3.7809636771678923,0.2073840682228322
17521203.199999996,11.073058879375457,0.03222103139744015,11.04360408782959,0.0312864144552648,10.823050117492675,0.0324243723759714,3.8342680079596385,0.20632521470349205
17671424.0,11.132474531446185,0.038806528979599186,11.039704867771693,0.024925620217476303,10.728024005889893,0.03718854262828453,3.885513343129839,0.17136233186945918
17821644.799999997,11.068502875736783,0.026230537413407244,11.033893752098084,0.028094475883265645,10.758567452430725,0.028908456443547222,3.805984342098236,0.16626111060684107
17971865.6,11.08663922548294,0.0430835963777522,11.017224638802665,0.019611509428850434,10.785173061915806,0.030058859347689097,3.7940720455987114,0.19759907535017818
18122086.4,11.106825160980224,0.017165916559766327,11.00611298424857,0.026435635315382126,10.743152168818884,0.035262623321838826,3.817678165435791,0.19673093703142017
18272307.199999996,11.062586402893064,0.03179876365464749,11.035221004486084,0.024274033855181305,10.769529020786285,0.0354075462797865,3.736393079161644,0.2083585859615225
18422528.0,11.049501740932465,0.04197295833693376,11.038555949074881,0.03506381487202623,10.741606848580497,0.05670389722690283,3.767317642484392,0.20295101581413885
18572748.799999997,11.05847533089774,0.033644580882107984,11.039212036132813,0.028439558328225645,10.748419175829206,0.03448885593673647,3.8489307744162424,0.22220563972124147
18722969.6,11.06959332057408,0.03467573169222731,11.034178815569195,0.03349787793124751,10.738282094682967,0.02211697029326558,3.8624115433011736,0.22801209085576787
18873190.4,11.050753974914551,0.03758286793920009,11.02833685874939,0.02169913495640302,10.779761242866517,0.041892765928105605,3.880510166287422,0.22331582757297433
19023411.199999996,11.041867351531986,0.03009046007954086,11.029689489092146,0.032672830555872306,10.746847561427526,0.03560802582966648,3.90063522543226,0.2113054494949745
19173632.0,11.07416526249477,0.035540434668778154,11.02994063241141,0.01735002287664811,10.789648859841483,0.03600195711577351,3.825647381373814,0.20153170183480285
19323852.799999997,11.059068083763123,0.034384712751280445,10.983808135986328,0.027305315248989444,10.729623878002167,0.03010296409628662,3.8856549143791197,0.21161132990282477
19474073.6,11.068360124315534,0.0337850092146604,11.014916242871966,0.023237457181657584,10.768286091940745,0.05236283072239956,3.829860755375454,0.21820264166331002
19624294.4,11.064336354391916,0.030100403742937317,10.994551645006451,0.025939684675240122,10.746728815351213,0.05048684062652631,3.8503991706030716,0.22565808243124108
19774515.199999996,11.111638975143432,0.027561562436815797,11.02062005996704,0.024255999194050578,10.762630772590636,0.04177087458978603,3.811893552541733,0.2244428576720439
19924736.0,11.040778364453995,0.048969499845631946,11.019939054761613,0.030653667613806272,10.76168154307774,0.0308699488521952,3.7394451924732754,0.24910332497210902
20074956.799999997,11.001041916438512,0.03773042305890735,11.055893407549176,0.03701285947550998,10.79775127683367,0.026618496995793328,3.8203532968248637,0.2756578004211007
20225177.6,11.105736422538758,0.03243126674748076,11.019239437580108,0.03683416975902871,10.78801188468933,0.036486508007809386,3.776462286710739,0.256123858670997
20375398.4,11.051835659572056,0.01742944420594037,11.034587192535401,0.022202441055007915,10.830922576359338,0.04178012493895771,3.847627643176488,0.24394993710984955
20525619.199999996,11.039092322758266,0.03608699785220725,11.043581404004778,0.025462065034295916,10.869879381997245,0.038192010263921175,3.837423086166382,0.2636672689157785
20675840.0,11.021053326129913,0.02645132734154314,11.007766056060792,0.025457877488630813,10.76185483932495,0.03628352563497313,3.860020840167999,0.2432315199290031
20826060.799999997,11.085640144348144,0.03639098215527006,11.006030941009524,0.010084801103822087,10.756110177721295,0.02726904987079489,3.8939499207905364,0.2524575519293837
20976281.6,11.03509396144322,0.02693473764936853,10.983151340484618,0.033196167543196375,10.759598241533551,0.04131665448334971,3.9068293128694807,0.23650492733738754
21126502.4,11.082723009586335,0.0267048752857081,11.066997516155244,0.02731665751573809,10.840000998973846,0.030612202022681504,3.924241989850998,0.26400566057124103
21276723.199999996,11.051642050061908,0.0374364408996464,11.018750490461077,0.02126508280943255,10.763876015799386,0.05608192587596189,3.94829740524292,0.2670098467678974
21426944.0,11.104281152997698,0.041215440548387265,11.070486313956124,0.026354599750530176,10.729627105167932,0.02997901718906489,3.930900526046753,0.26974888993044377
21577164.799999997,11.083039319515228,0.013524523513231057,11.035393452644348,0.019873980463375254,10.82368836402893,0.02959366489735343,3.9278857558965683,0.24375731445719548
21727385.6,11.036070346832275,0.04226289119500752,11.051630319867815,0.03196422517654057,10.793499142783029,0.03867153292234256,3.89543547970908,0.2425824185494534
21877606.4,11.08087955202375,0.045965025518552464,11.039608655657089,0.015999956070879007,10.808378165108817,0.042321926932673636,3.9320258855819703,0.23722643638905636
22027827.199999996,11.104149103164673,0.03525064633146258,11.045090937614441,0.03267838346897829,10.82533004283905,0.0350673883578974,3.908763673901558,0.24787935645434353
22178048.0,11.076866558619908,0.031452632142554,11.080658381325858,0.024729085712015084,10.778546156202044,0.03496969929157348,3.9723320756639753,0.2331181749790175
22328268.799999997,11.059871060507637,0.03792748020584809,11.096597617013114,0.02547181954285269,10.795743683406284,0.029668811248809865,3.975181412696839,0.21399057454700476
22478489.6,11.025114548206329,0.03590330961849322,11.048765563964844,0.03699459462212174,10.791760294778006,0.036339395204780245,4.003425611768451,0.2395550617286407
22628710.4,11.182380294799803,0.04611267529614074,10.34881786108017,0.039175138984601524,10.40458111166954,0.038376717172983896,4.042740601301193,0.23410658406184404
22778931.199999996,10.85896782193865,0.0379020610365037,10.993361813681465,0.028896661483580072,10.752384662628176,0.03716853377241596,3.9174444845744545,0.2588758882152451
22929152.0,11.049229431152344,0.02590394656861693,11.024712889535087,0.034896044060678554,10.811859117235457,0.026082504987574213,3.8546632630484448,0.28541163267370057
23079372.799999997,11.072371782575335,0.034112464816839765,11.058546996116638,0.028123649026830306,10.808055925369263,0.043047168392421606,3.836259165406227,0.28165059407145865
23229593.6,11.037158475603379,0.03973139266330282,11.084892014094759,0.026306997861882415,10.810316508156912,0.04881151478487524,3.8089808157512115,0.2751361862651157
23379814.4,11.072483944892884,0.0362945021810747,11.086270032610212,0.04130578684416622,10.802303791046143,0.025589816928775527,3.7941660267966135,0.28265487302027115
23530035.199999996,11.017509637560163,0.038255567476484766,11.05455368757248,0.023209357749921136,10.82478848695755,0.038234725460211394,3.806187689304352,0.274808926462181
23680256.0,11.038771561213903,0.02308410331850417,11.039839458465575,0.03695333827828494,10.743746730259486,0.04851343291620756,3.750387501716614,0.293105486521811
23830476.799999997,11.063746058940888,0.03476851200032257,11.092181124005998,0.036029976993777024,10.76740574155535,0.03890085691515323,3.818777312551225,0.27266386655350716
23980697.6,11.07112911769322,0.03090151820189645,11.03316879272461,0.025822340351459114,10.736785387992859,0.040604163397042696,3.815741944313049,0.27558822024955865
24130918.4,11.072123990740096,0.02468265927235818,11.068801253182546,0.022500377647306693,10.785668659210206,0.03502514521719738,3.7405968802315845,0.26887681768803107
24281139.199999996,11.011241185665131,0.034315270872236577,11.100102097647532,0.012750723784779096,10.8302716255188,0.039417643512995586,3.7804350342069357,0.2575574844997467
24431360.0,11.007295908246721,0.03824749095635818,11.033865511417389,0.02199608816448683,10.732787346839904,0.03888620722992829,3.797158208489418,0.2699469347118408
24581580.799999997,11.0587251663208,0.02395542830207648,11.025025735582624,0.03455928589289196,10.755759552546909,0.04367150979949564,3.73297016280038,0.2994310306962506
24731801.599999998,11.064494419097901,0.027324893384256248,11.06242995943342,0.014427949455320194,10.752144513811384,0.04784209705265553,3.8164329290390016,0.2744101468180356
24882022.4,11.067388466426305,0.022638860530281697,11.07303307056427,0.02622464931838429,10.784964728355408,0.04851415917315951,3.8064950853586197,0.28000346229491285
25032243.199999996,11.085218102591378,0.028138707277803744,11.004145731244767,0.029031589436687624,10.802183696201869,0.02656861501199315,3.835770974840437,0.2980472176418562
25182464.0,11.07892016172409,0.02964642043978217,11.060709626334054,0.03221897024066289,10.779697677067348,0.024151512126429978,3.889200735092163,0.2809472270824734
25332684.799999997,11.002120426722936,0.04720520328812746,11.062031495571137,0.03886884587753223,10.79801914691925,0.03245573694269417,3.857869580388069,0.29690790206991025
25482905.599999998,11.107230581556045,0.02799526708468488,11.095257009778702,0.03215464870883886,10.804376779283796,0.03294108733253427,3.855047835622515,0.29882196860840654
25633126.4,11.099127686023712,0.028092520009815627,11.06897619792393,0.022473051534220027,10.812312507629397,0.03245538617018509,3.8572326047079906,0.3131953528640215
25783347.199999996,11.056944397517611,0.020757371417059117,11.0621542096138,0.028345876989496834,10.814320027828217,0.035536896720124056,3.895230296254158,0.3014717189728408
25933568.0,11.074067756107876,0.02426765818087887,11.080867535727366,0.01463023368624745,10.824187932695661,0.028859713886033287,3.9138778584344047,0.29124678877600874
26083788.799999997,11.114897143840789,0.02771898085702942,11.02122095652989,0.030178242903542162,10.794856575557164,0.022296766679281828,3.935833525657653,0.285761495155581
26234009.599999998,11.114441898890904,0.025351356993733167,11.077173437391009,0.028131392656656266,10.818030261993409,0.040518723469728055,3.905142389025007,0.2945132442180476
26384230.4,11.064810603005546,0.02349533782526731,11.107536888122558,0.021639394177588697,10.808611583709716,0.039957055529728835,3.9572411268949508,0.2695813403521593
26534451.199999996,11.047222685813903,0.023935799206598628,11.080404104505266,0.03063432064997384,10.822513375963483,0.04520297138379141,3.9920817170824323,0.27567649953206624
26684672.0,11.070025471278601,0.02782671758718093,11.075993388039723,0.024759312686812786,10.81240655354091,0.04138552924268102,4.025584823744638,0.3076778390161215
26834892.799999997,11.105056544712612,0.022632664082092104,11.031334555149078,0.01997091483140137,10.822521102428436,0.03955323611227328,3.9534240543842314,0.28600207019776136
26985113.599999998,11.08672330379486,0.02574803972619309,11.066870198931012,0.020871118209148033,10.811250182560512,0.04715571233632134,3.8931962387902397,0.2866576380000134
27135334.4,11.12229629244123,0.02673664335628436,11.027948147909981,0.03439519064381625,10.826605170113698,0.03779314703526946,4.0094953707286285,0.29691555788561724
27285555.199999996,11.157779148646764,0.03179561624377963,11.04238576889038,0.035986035720384696,10.80762459039688,0.04127471842461237,3.96494964659214,0.2964796213851666
27435776.0,11.11538302898407,0.027112288453171304,11.028990636553084,0.020074153218295216,10.809924738747734,0.036446973998424545,3.940127985818046,0.2961757966142025
27585996.799999997,11.1684328351702,0.0171032082489466,11.077993719918387,0.023017599056993566,10.784794875553676,0.02603913333004688,3.8780299527304507,0.3078141515322216
27736217.599999998,11.11270305088588,0.026825273200642333,11.080752742290496,0.02076953198868775,10.812975251674652,0.03317346496017553,3.8975140780210493,0.28607550776264684
27886438.4,11.106360161304474,0.041832499099642775,11.091363511766707,0.04085183617040821,10.818185206821985,0.051413364584132204,3.919106732095991,0.28220018247402456
28036659.199999996,11.098525701250347,0.03173909090620806,11.072359425680975,0.018922067386055206,10.805297483716691,0.044270503629845914,3.9881870985031127,0.2840849299745421
28186880.0,11.125798538752964,0.034391492196185314,11.047256362438201,0.019441664708517856,10.804835474491119,0.02082245023655129,3.91631860435009,0.2738999135832904
28337100.799999997,11.142971193790435,0.02800632853194747,11.074319267272951,0.036890279289322495,10.790257971627371,0.022046484163177456,3.986917206219264,0.279602919440226
28487321.599999998,11.133213015965051,0.023886725456735133,11.058986364092144,0.024634384187165844,10.813143580300466,0.04535852543668596,3.9592689275741577,0.2756706976644924
28637542.4,11.079970932006834,0.027999385744190558,11.091286492347717,0.03509424611642887,10.799995172023774,0.03311141368501369,4.004302653670311,0.2993889987510209
28787763.199999996,11.115694224834442,0.03488596824562149,11.128090926579068,0.017527096666223246,10.800550133841378,0.034658550277755905,3.9837128741400583,0.2551002525174695
28937984.0,11.111341203962052,0.021421030974902187,11.086909362248011,0.03198419904188078,10.849394362313406,0.024355848012588215,3.9476948738098145,0.27772014874945705
29088204.799999997,11.099756349836078,0.041364809891516294,11.065153563022614,0.02742000885938087,10.803550708293916,0.041467724373529365,3.9817591190338133,0.2835455081213283
29238425.599999998,11.1114462018013,0.02639515080799334,11.056959601811002,0.021997864415939237,10.834326962062292,0.03317525359252672,3.992112796647208,0.29541190496608744
29388646.4,11.088693795885359,0.03575873013250955,11.074196474892755,0.03047017034448287,10.853399045126777,0.032891595802711254,3.973872855731419,0.29810824776041406
29538867.199999996,11.1043623651777,0.027871690065058796,11.080035424232483,0.040046573739867634,10.847774624824524,0.027174365758213897,4.001704961061478,0.276344610201897
29689088.0,11.063631606101989,0.0407029113434743,11.041599709647041,0.036481000872558796,10.84109104701451,0.03834599448082359,3.975943776539394,0.2851713614409952
29839308.799999997,11.068833650861468,0.04902878177612921,11.040088748931884,0.024003937114129292,10.845529324667796,0.04314157210653473,3.9639399835041593,0.2898790473151171
29989529.6,11.088605904579163,0.036666041113764744,11.057936275005341,0.037602675983710046,10.845873355865479,0.03215355867477626,3.9658875167369843,0.28891661417388736
