x,Img+Prioception (Cartesian Increment)_mean,Img+Prioception (Cartesian Increment)_stderr,Img+Prioception (Velocity Increment)_mean,Img+Prioception (Velocity Increment)_stderr,Img+Prioception (Position Increment)_mean,Img+Prioception (Position Increment)_stderr,Img+Prioception (Torque Increment)_mean,Img+Prioception (Torque Increment)_stderr
20480.0,1.0,0.0,0.0,0.0,0.0,0.0,1.0,0.0
104006.9449081803,0.8246998885651314,0.004115655250749302,0.0,0.0,0.0009509626943814999,0.0009509626943815,0.8354060656862684,0.0073744072170821035
187533.8898163606,0.593744500606849,0.012106531242372185,0.0,0.0,0.00140441978830827,0.00140441978830827,0.6180139101169312,0.024564678469611897
271060.83472454094,0.4579038696859908,0.01045112017452007,0.0,0.0,0.0009145703971150204,0.0009145703971150204,0.4691482212186564,0.03272460432248505
354587.7796327212,0.3922413159951345,0.009864909208514775,0.0,0.0,0.0005955426071524782,0.0005955426071524782,0.3588091926688563,0.03099658427320415
438114.7245409015,0.3630652169292112,0.03000075201461154,0.0,0.0,0.0003877784419107869,0.00038777844191078696,0.2840640950401114,0.02876980512095262
521641.6694490818,0.38362964081958384,0.06221184409977418,0.0,0.0,0.00025248130693828125,0.00025248130693828125,0.23529905516759456,0.02549314988807877
605168.6143572622,0.4373683582277859,0.08782022924010295,0.0,0.0,0.00016438006697692923,0.00016438006697692923,0.19205299514406168,0.019868439005175053
688695.5592654424,0.5237739552293911,0.09677246439880553,0.0,0.0,0.0001070146001122509,0.0001070146001122509,0.16045267230773066,0.013610828490369752
772222.5041736227,0.61170789256293,0.09658813395579248,0.0,0.0,6.966432945612376e-05,6.966432945612378e-05,0.13743949182616763,0.01353651548542574
855749.449081803,0.7065363566556604,0.07931665256365143,0.0,0.0,0.0010247573628723138,0.0010247573628723138,0.11993579969542341,0.011256723003055732
939276.3939899834,0.7919793375137214,0.05907437903414198,0.0,0.0,0.0030187504507463714,0.003018750450746372,0.10475510546568578,0.01097399984888728
1022803.3388981636,0.8542178974445399,0.039946532154950476,0.0,0.0,0.001964774619788031,0.0019647746197880307,0.09253791818172208,0.009668977497873774
1106330.283806344,0.8975808716352645,0.029332428454964286,0.0,0.0,0.001278704171866821,0.001278704171866821,0.0843756774344638,0.006481333612058578
1189857.2287145243,0.9267058704621616,0.019483891549611616,0.0,0.0,0.0008324078043484323,0.0008324078043484323,0.07384127751671082,0.003281886907418363
1273384.1736227046,0.9462769443764788,0.01355411156105775,0.0,0.0,0.0005421196093432605,0.0005421196093432605,0.0610470656847866,0.002190056515837038
1356911.1185308849,0.9597522644272422,0.00819542092993878,0.0,0.0,0.00041147580281720807,0.0004114758028172081,0.05706052020628009,0.0042296789015231285
1440438.0634390651,0.9695627401038749,0.006087425842320195,0.0,0.0,0.0028400250281962343,0.0021376498120868983,0.05682156523944473,0.007207752309216027
1523965.0083472454,0.9782268931620323,0.004516359692723823,0.0,0.0,0.02246009344383912,0.01270810525337134,0.050190819668492224,0.008544061906373815
1607491.9532554257,0.9833777555718647,0.002866742166849408,0.0,0.0,0.09557711289034175,0.05453164030283015,0.04752140287769666,0.012210073567726909
1691018.898163606,0.9829222533219495,0.0015310029541531574,0.0,0.0,0.22042425142244326,0.11058586362252229,0.04560023004349247,0.015785965865975055
1774545.8430717865,0.9840502982249452,0.0006964361105030123,0.0,0.0,0.3193568556622166,0.1597310985730372,0.04183700976419142,0.016761591601096304
1858072.7879799667,0.9870374974033439,0.001391791836893587,0.0,0.0,0.40397641038580384,0.20229507428252702,0.038275321898199016,0.018965198640772455
1941599.732888147,0.9868236117157192,0.0019253384326477767,0.0,0.0,0.4707579061704239,0.23588501340647244,0.03589872728323693,0.017204721453276423
2025126.6777963273,0.9890714015117835,0.001125499532401633,0.0,0.0,0.52195886522704,0.2614181524386328,0.031762910716143254,0.013782711667260222
2108653.622704508,0.9890686347234631,0.0024717865412245813,0.0,0.0,0.5604852033702641,0.27954130865838084,0.04055891928740355,0.02196174570436796
2192180.567612688,0.9891052063913149,0.0015813145032842818,0.0,0.0,0.5905554732896605,0.2943489239083726,0.03649192525612717,0.018923155005739867
2275707.5125208683,0.9898993415786489,0.0016429542647780366,0.0,0.0,0.608858267647672,0.30381742736100775,0.03267999513870725,0.013298756631270359
2359234.4574290486,0.9893487549822542,0.0021459344069332865,0.0,0.0,0.6226574654666103,0.31092224014508363,0.029240932051830277,0.012585469649804823
2442761.402337229,0.9882533354188228,0.0017643346084616062,0.0,0.0,0.6315714238148922,0.31553598023760265,0.029572819403955727,0.013461400337441415
2526288.347245409,0.9892629214270109,0.0011811672089784152,0.0,0.0,0.638479135908713,0.3190778177945059,0.02621707062815214,0.010503396798386284
2609815.2921535894,0.9886519560777484,0.0008871980229591232,0.0,0.0,0.6445097059857545,0.32214000735818826,0.024839570679691992,0.005597702445995367
2693342.2370617697,0.9893924516534583,0.0013573421418400372,0.0,0.0,0.6465704055575702,0.3230361709329897,0.023021079663676364,0.005686595890442858
2776869.18196995,0.9903990857151411,0.00024308539024158542,0.0,0.0,0.6517998621467549,0.3206108719922952,0.02092992630947037,0.0056151632602787745
2860396.1268781302,0.9896422248967195,0.0002468238039918761,0.0,0.0,0.6743176369473124,0.29850355076115864,0.023733756029822237,0.006430203207484604
2943923.0717863105,0.9910291318232068,0.0007667652637117732,0.0,0.0,0.7217544500978642,0.2559178284562454,0.02463594142513184,0.006265242375652814
3027450.016694491,0.9909488752153696,0.00078933661808231,0.0,0.0,0.7436504063437996,0.23839184601224728,0.022657264824870075,0.006611372471515677
3110976.961602671,0.9898013531570685,0.00042589497799686704,0.0,0.0,0.7680165069123942,0.21363672104801895,0.024599268511037557,0.006968732859955446
3194503.9065108513,0.9887030468945328,0.0017667835701015847,0.0,0.0,0.7906812928437624,0.1920040387459253,0.028220252174563854,0.004525181573551978
3278030.8514190316,0.9885302975447393,0.001279435973880274,0.0,0.0,0.8209857868909315,0.16047116560180513,0.029152501675682674,0.00428846039231632
3361557.796327212,0.987747755667085,0.001446130848316,0.0,0.0,0.8471261962761879,0.1332399663522529,0.030479575809834902,0.0031532443077914836
3445084.7412353926,0.9845814423172424,0.0015996308964727423,0.0,0.0,0.879538574073917,0.10357301160211115,0.02828723275835412,0.00391187383044148
3528611.686143573,0.986129400252438,0.0015492626732884088,0.0,0.0,0.9014083972983435,0.08254585713502735,0.02863967009886122,0.007103054524207299
3612138.631051753,0.9886001173402916,0.0005144793038427498,0.0,0.0,0.9236133430232879,0.060729471907705425,0.03484883811156517,0.006613970962037367
3695665.5759599335,0.9893003016232935,0.0025244907348338326,0.0,0.0,0.9404053148667999,0.04372535193279517,0.030441923953065442,0.004229774143256775
3779192.5208681137,0.9903266792654265,0.002251171167499455,0.0,0.0,0.9476640240189163,0.034492627244563485,0.029003344643115814,0.005088100447194661
3862719.465776294,0.9899210872043135,0.0026532681567654447,0.0,0.0,0.9570565242035359,0.0258984833555569,0.030994602722625886,0.005083905540282866
3946246.4106844743,0.990547315106095,0.001780754065764064,0.0,0.0,0.9620454109617844,0.020193576935226103,0.034354280680772335,0.008429283752332909
4029773.3555926546,0.9923702513095775,0.0016561870263830756,0.0,0.0,0.9673723317807731,0.015038269016803035,0.039835445678891086,0.009607583308330322
4113300.300500835,0.9906119916181085,0.0012166014229442598,0.0,0.0,0.9692824695125744,0.015029883984147636,0.0408411430775077,0.00869571936920933
4196827.245409016,0.9900980661132444,0.0005539409007719163,0.0,0.0,0.9742999329638199,0.012702839199214904,0.03925693049627897,0.008521052438379707
4280354.190317196,0.989750002575056,0.000513581564671191,0.0,0.0,0.9794627860846274,0.01012729614756608,0.04037977566986629,0.008381965867131927
4363881.135225376,0.9870348151840371,0.0013802759471561107,0.0,0.0,0.9795606507072612,0.00824099998214247,0.04095049853991538,0.011588848139892123
4447408.080133556,0.9873993063339063,0.0004690899220905559,0.0,0.0,0.9803412320884181,0.005068442619697743,0.04147895275186519,0.014585485983207792
4530935.025041737,0.9874525368181156,0.0006964884355875093,0.0,0.0,0.9809611133099104,0.007034056834052447,0.04285917181816041,0.013503882894807518
4614461.969949917,0.9892311421316978,0.0006405346712211069,0.0,0.0,0.9820481782862349,0.00791487857987101,0.03928257862367128,0.010332886849167623
4697988.914858097,0.9892352551988713,0.0008642661614373764,0.0,0.0,0.9833730818594284,0.006109854258876159,0.03474754719217539,0.009579559657416846
4781515.8597662775,0.9892298838351857,0.002068389395625602,0.0,0.0,0.9843975369532268,0.004988488274925744,0.03424577370805689,0.010820203993057846
4865042.804674458,0.9903724206072725,0.0017868471908733543,0.0,0.0,0.9853182382794688,0.0054547798369985485,0.03438312707705884,0.012019862546282768
4948569.749582638,0.9906102413296972,0.0014320812981129026,0.0,0.0,0.9861108430354749,0.002703342997983659,0.03088335675235568,0.010893883538578668
5032096.694490818,0.9908260116787302,0.0008865543160541913,0.0,0.0,0.9861114289025258,0.000521510920453117,0.028271328949925473,0.006859961092756727
5115623.639398999,0.9921569588779638,0.001180601569732549,0.0,0.0,0.9865017187699735,0.0007528287759766812,0.024999183838342976,0.0024277185931758202
5199150.584307179,0.9917022630434266,0.0017470286180368711,0.0,0.0,0.9866679439282716,0.0011270117257079146,0.029906411880131618,0.004695028500822471
5282677.529215359,0.991861623813454,0.0017143461525876565,0.0,0.0,0.986742886503901,0.0010365841365951453,0.031158314494923244,0.004469139936787402
5366204.474123539,0.9907544456421541,0.002659574424160322,0.0,0.0,0.9874963355726664,0.00047341970573597974,0.029224184286535195,0.004318059934020609
5449731.41903172,0.9895700299139593,0.0019441884366318458,0.0,0.0,0.9838974230342904,0.0014920424713040599,0.028645943945089233,0.00303070838037238
5533258.3639399,0.990144717982346,0.0022219600605141443,0.0,0.0,0.9874311339383421,0.0010557663998910808,0.026484341289231012,0.0025741323910136735
5616785.30884808,0.9900084959306117,0.0024942925217659017,0.0,0.0,0.9875209867578514,0.001482787167124181,0.026551778099141804,0.002932634288879889
5700312.2537562605,0.9897334106662319,0.003151192935986677,0.0,0.0,0.9862402489574649,0.0008782034100354307,0.02692346181213891,0.005199484440291453
5783839.198664441,0.9888663885890998,0.0033824923764036743,0.0,0.0,0.9857158416895757,0.0016218387272524664,0.031204612814612415,0.005345265064010793
5867366.143572621,0.9894873378300238,0.0026788575147453485,0.0,0.0,0.9847665900255778,0.0013077081859986508,0.030228444176512787,0.005012777483641877
5950893.088480801,0.9889386493311032,0.0021180614601815223,0.0,0.0,0.9841478853563181,0.0001838309662202087,0.0295546747301314,0.004503405309567844
6034420.033388982,0.988487768895876,0.001729915104636318,0.0,0.0,0.9850116107702421,0.0008523866204261038,0.026027492541873743,0.005146093917634007
6117946.978297162,0.9883954446923329,0.0019147786337922437,0.0,0.0,0.9847061396703302,0.0005953671954397536,0.030802455810395295,0.007337100783914388
6201473.923205342,0.9907063316482527,0.0018675754554256904,0.0,0.0,0.9861208948984647,0.002074849769955059,0.027895890577217707,0.004131179973710503
6285000.868113522,0.990294075932487,0.0009536311346915099,0.0,0.0,0.9869514644097869,0.00180704892530228,0.028114090177413165,0.0033879599619998997
6368527.813021703,0.9909468409023922,0.0008412454836504037,0.0,0.0,0.9862691438340399,0.002690361382512668,0.030206549353699198,0.0034123242184477993
6452054.757929883,0.9915194718411827,0.0006224028872822136,0.0,0.0,0.9859140108531652,0.002571911267689852,0.032364543521087315,0.004753593047098863
6535581.702838063,0.9907059059786675,0.0008906025364765243,0.0,0.0,0.9870523552645661,0.002317247670437649,0.03418743884455279,0.007397762397024534
6619108.6477462435,0.9910971665957019,0.0010508461831832178,0.0,0.0,0.9872812397478631,0.003111286164696292,0.037303823559917876,0.006144909911520678
6702635.592654424,0.9895784481285989,0.0006313983490413911,0.0,0.0,0.9881911348659562,0.004129245825002963,0.03921019467770498,0.004459286844357882
6786162.537562605,0.9886309231199645,0.0014747070226015435,0.0,0.0,0.9865842146653471,0.004130208612750458,0.0429424292441977,0.005106950748464488
6869689.482470785,0.9902420942476193,0.0002733202196111456,0.0,0.0,0.9857186106950305,0.002967981358654992,0.040907160982805606,0.004733435933112129
6953216.427378966,0.9894709348645329,0.0003752026210976213,0.0,0.0,0.9857354572390582,0.003261623900626537,0.04633086090150898,0.007845435396107166
7036743.372287146,0.9905404456277814,0.0007825312410849069,0.0,0.0,0.9857920859269429,0.000807164190817851,0.04374544391586924,0.00947439962256406
7120270.317195326,0.9914196067408172,0.0001847427789028345,0.0,0.0,0.9859705358784998,0.001172472476519153,0.04700495301686671,0.011682280082411864
7203797.262103506,0.9915126237542947,0.0004763090715747523,0.0,0.0,0.9868644629849976,0.0006814062443291898,0.04562449839702978,0.010116933325750213
7287324.207011687,0.9926082497675944,0.001424653946829891,0.0,0.0,0.9871086573214471,0.00014652804388554864,0.04542536490422805,0.01230530195536537
7370851.151919867,0.9937281335735734,0.0008902634276059247,0.0,0.0,0.9869777721768958,0.0007785857048704266,0.037764624919110465,0.007064997320652066
7454378.096828047,0.994461742319666,0.0013336827473896995,0.0,0.0,0.9894479042531029,0.00034079655080236735,0.03873802107293494,0.00209305685574543
7537905.041736227,0.9930829733182599,0.0015127522816176294,0.0,0.0,0.9912283040643999,0.00030203161831717537,0.03445406600989554,0.001905765968654274
7621431.986644408,0.9924972737646369,0.0015863923782663111,0.0,0.0,0.9914397035567027,0.0005083656803027015,0.036620840218180836,0.0038574398470812453
7704958.931552588,0.9913618170572588,0.0008630358227979845,0.0,0.0,0.993011656173021,0.0008395134716752349,0.038870405247802164,0.00536604520794706
7788485.876460768,0.9914319898555446,0.0013581668815353142,0.0,0.0,0.9919859694835753,0.000750444298612895,0.035872985896141955,0.007952670422869363
7872012.821368949,0.9907251865834877,0.0014658928236912028,0.0,0.0,0.9909775857175251,0.0012563468883457015,0.03297527314665721,0.006147609055990852
7955539.766277129,0.9887040609425872,0.0004242669696355679,0.0,0.0,0.9900251777572713,0.0016940418146741832,0.038354753839589424,0.00896943504345159
8039066.711185309,0.9904135323092618,0.00010925418763227271,0.0,0.0,0.9868534223769377,0.0037144435111047458,0.0423667559337983,0.00776871642562286
8122593.656093489,0.9906537564115583,0.0004379251388532479,0.0,0.0,0.9877318884498063,0.002583158051232842,0.03621145081064866,0.00432543015286106
8206120.60100167,0.9908717933713804,0.00041866506189799945,0.0,0.0,0.9870749678208899,0.001919646688420305,0.040484478373554365,0.005474158917083713
8289647.54590985,0.9893027778586753,0.0005311566380879897,0.0,0.0,0.9893314566135157,0.0006017846075665183,0.042535269514629104,0.005326414519818744
8373174.49081803,0.990567605418296,0.0007794567449240414,0.0,0.0,0.9905187116433315,0.0007174543223919883,0.039812740964997644,0.006620321352338613
8456701.43572621,0.9917725723707834,0.0008892504930195519,0.0,0.0,0.9914299700004382,0.0012211997617588052,0.033722712980909196,0.005694674903580428
8540228.380634392,0.9924384293541945,0.0005211383405520482,0.0,0.0,0.9888178115147844,0.0013302095479840474,0.03432525669854084,0.005545176144236041
8623755.325542571,0.9916763256705482,0.0010184598448283251,0.0,0.0,0.9898093204603134,0.0013592818133193797,0.038492640863955555,0.00860803115610368
8707282.270450752,0.9912038106803113,0.0014517758748208874,0.0,0.0,0.9899389802555639,0.001704553444100218,0.04174295676413651,0.006696167859469627
8790809.215358932,0.9904779907692535,0.001204260966628918,0.0,0.0,0.9907963831076549,0.0012470952124522465,0.04493428987409459,0.0034051673210681206
8874336.160267113,0.9900007707592202,0.00036466136244053175,0.0,0.0,0.9878464083365271,0.0022253031853211582,0.04335332521249108,0.004430588423544457
8957863.105175292,0.9898122468990523,0.0006235692417221276,0.0,0.0,0.989101203840336,0.0020671164947868334,0.04357298565325222,0.005850993393981297
9041390.050083473,0.9904888004120279,0.0005018788648493951,0.0,0.0,0.9898836127476563,0.002054145237370621,0.04340930703494767,0.005076281373184394
9124916.994991653,0.9901716514739288,0.0012397627259147634,0.0,0.0,0.9895327161505291,0.0012837174501858135,0.03757278849757267,0.005374777436710796
9208443.939899834,0.9887822592090404,0.0007960114084615803,0.0,0.0,0.9889735554119056,0.0015230885957631824,0.036226294436890925,0.006284842785296639
9291970.884808013,0.9872864533292881,0.001381501245770088,0.0,0.0,0.9889816693111223,0.0019927276704735943,0.04162349320924403,0.008030885430231434
9375497.829716194,0.9888736298997701,0.00038669898961719005,0.0,0.0,0.9891913553517068,0.0020769865276857214,0.043295852750588164,0.009147907396220324
9459024.774624374,0.9888991584809702,0.0011083191899955637,0.0,0.0,0.9880217472626666,0.0009370226213067915,0.04171227430977764,0.007887599729073339
9542551.719532555,0.9916091763723798,0.0011052578439087854,0.0,0.0,0.9879776002231111,0.0012654950694745706,0.045583423187530316,0.005023356228049531
9626078.664440734,0.9922326919304997,0.001032549586563697,0.0,0.0,0.9883061870895297,0.0015708606746388523,0.04411582201152534,0.00521886315154482
9709605.609348916,0.9927444098594503,0.0008177994752482245,0.0,0.0,0.9891596538192591,0.0011949574431268585,0.04652251010702155,0.007700663532301077
9793132.554257095,0.9923690431098109,0.0006848197529670385,0.0,0.0,0.9889905639913055,0.001793037720796871,0.049839952932138144,0.0074228261813138975
9876659.499165276,0.9940217254453665,0.0006504147724950499,0.0,0.0,0.9906321027332531,0.0021590253525457827,0.048975956213938195,0.008380282733840136
9960186.444073455,0.9916121515196116,0.0011617506603713726,0.0,0.0,0.9901244696980266,0.0014937758289037882,0.05173795305108734,0.00933612310382093
10043713.388981637,0.991329104272106,0.0010994578463916006,0.0,0.0,0.9903056745094378,0.0003553134896751184,0.055854851052690994,0.008048799162591342
10127240.333889816,0.9921371682211019,0.0005679933961852247,0.0,0.0,0.9902370048073313,0.0016474914385465995,0.05328747765848916,0.006300307003384368
10210767.278797997,0.9921442068708736,0.0014087598461479,0.0,0.0,0.9899657723655862,0.0022407909488688957,0.04944748909912474,0.00252621177074951
10294294.223706177,0.9926990651068545,0.0008573743304844144,0.0,0.0,0.9910724919718645,0.002295548044935216,0.047213875273623085,0.003661519766889772
10377821.168614358,0.9926988348512826,0.000201062471965911,0.0,0.0,0.9927887796110232,0.0018438177801095238,0.04818269570128506,0.007169681190646259
10461348.113522537,0.9927189287050968,0.0003510814771414655,0.0,0.0,0.9912049180139665,0.002638744180059723,0.054622792726333184,0.009295396705850775
10544875.058430718,0.9916920320695349,0.0007669698200334052,0.0,0.0,0.990813023480237,0.0016824023753026357,0.05144662251557847,0.01289262200197896
10628402.003338898,0.99196734920951,0.0009352315976849272,0.0,0.0,0.9918930545721172,0.0018335631862804402,0.054298136849082614,0.01382384356718554
10711928.948247079,0.9919285158327705,0.00084771186466769,0.0,0.0,0.992706379904592,0.0013028582479677289,0.05213222654802122,0.011855486735640559
10795455.89315526,0.9908657205813451,0.0007828150339438559,0.0,0.0,0.9907190805777804,0.0016924383796415245,0.05138074119148655,0.012011101040126976
10878982.83806344,0.9926310216040196,0.0006565183370248372,0.0,0.0,0.9898455720828799,0.0002677693970935842,0.04929467439968005,0.011726621632315462
10962509.78297162,0.9929073980452022,0.0009272849511129235,0.0,0.0,0.9910566799276023,0.00047134070511860825,0.04643277283119931,0.00878365777135976
11046036.7278798,0.992871745576357,0.000447419010766873,0.0,0.0,0.9905167270162555,0.00013019101159211086,0.04263533515767787,0.0064854236833919495
11129563.672787981,0.9914883816642722,0.0011456787539502339,0.0,0.0,0.9903715150936839,0.0014663735712749349,0.054997431719242984,0.008484269588950008
11213090.61769616,0.9914629558524983,0.0008721935047695272,0.0,0.0,0.9913071077399813,0.001728068289386024,0.05912812863212772,0.012930939294080611
11296617.562604342,0.9893306959752879,0.0007810944187269064,0.0,0.0,0.9911791753697782,0.0011790331325875528,0.05125042393161814,0.01025557435791262
11380144.507512521,0.9898333105066208,0.0015848044954178899,0.0,0.0,0.9910647341882961,0.0014117089375363643,0.044517760922566874,0.0068539064925110865
11463671.452420702,0.99048060049889,0.001739948858550917,0.0,0.0,0.9901053561441536,0.0011556944652478594,0.045635465616785685,0.008863368688482769
11547198.397328882,0.9892990114041696,0.0026781947175229547,0.0,0.0,0.9903782563848855,0.0009041488091336565,0.04821171967489293,0.01090622088102602
11630725.342237063,0.9891983369429167,0.0006999530465536688,0.0,0.0,0.9908649084100981,0.00046227909669412055,0.043296273296786154,0.01031209397561583
11714252.287145242,0.9901750955364634,0.00044791174532253,0.0,0.0,0.9910063162158943,0.0013187774231837174,0.040475488094513214,0.0056868677265805145
11797779.232053423,0.9908021200383065,0.0008713465653465215,0.0,0.0,0.9907701186528654,0.0007214961571043945,0.0340043023604915,0.005712007034549409
11881306.176961603,0.9911382502031464,0.0006838767841720313,0.0,0.0,0.9910787752671938,0.0008896565778135832,0.037894580552261796,0.0033211105778418377
11964833.121869784,0.9902270377267747,0.0010886977389536283,0.0,0.0,0.9905596191483997,0.0006333887443211157,0.03517969856379711,0.0013619496963255507
12048360.066777963,0.9898007498647199,0.0009319039389177433,0.0,0.0,0.9906084279472612,0.0012748243175787102,0.04177046948853944,0.0008529790828564544
12131887.011686144,0.9904537842910761,0.0006084537738289191,0.0,0.0,0.9903284144883456,0.0013073317447754912,0.04881675092116988,0.0027746876220588455
12215413.956594324,0.9913672077623001,0.000215902476298552,0.0,0.0,0.9907026418180881,0.0011622433561526194,0.04578285885362935,0.005255025367776728
12298940.901502505,0.9919074437324747,0.0014959141100493328,0.0,0.0,0.9905438845815683,0.0017003380574151798,0.047800754985902506,0.005048200549355167
12382467.846410684,0.9914038166515092,0.0014000120521463159,0.0,0.0,0.989330383072204,0.002299138074011247,0.04361977944136486,0.007337009105141009
12465994.791318865,0.9913671447590201,0.0014424221531288814,0.0,0.0,0.9889410737091548,0.0025687736727536895,0.03918757906023426,0.005739044291821702
12549521.736227045,0.9934318480910117,0.0012013206196601638,0.0,0.0,0.9743230108948041,0.004341973403604655,0.03865292676597958,0.008560679960851405
12633048.681135226,0.9898619040462179,0.0007281204993005253,0.0,0.0,0.9788232406183042,0.002559628436653293,0.08584076710031145,0.007607966225757249
12716575.626043405,0.9857003544925812,0.0014944276872216372,0.0,0.0,0.9826024098760882,0.0009166034534786416,0.1336550138419277,0.009363343696746807
12800102.570951587,0.9883879379684141,0.0008789193927463614,0.0,0.0,0.9844868024273828,0.0006519624128451648,0.1570619516036751,0.009562821936260239
12883629.515859766,0.9879425275927947,0.001073589324162605,0.0,0.0,0.9861839642290137,0.0007377607634812495,0.16113462884289512,0.006390574257045436
12967156.460767947,0.9888664106663306,0.0002825051806353921,0.0,0.0,0.9886440818401003,0.0006567614023018278,0.1625917196040771,0.005852863162497161
13050683.405676126,0.9869559956060235,0.00243493749090165,0.0,0.0,0.9884625695016652,0.0008022159639375588,0.1587570269580527,0.0019708918201446052
13134210.350584308,0.9871350876264341,0.001915718848854442,0.0,0.0,0.989967117097954,0.0011052746717521472,0.1389396305714963,0.0050909030454859665
13217737.295492487,0.9872310605862707,0.0006996770295343997,0.0,0.0,0.9905187230769537,0.00022857946624447708,0.12727128025114712,0.005730952466568326
13301264.240400668,0.9869537887969656,0.002732509873220171,0.0,0.0,0.989783337229492,0.0009861099059625348,0.11177490636880981,0.004597974383864392
13384791.185308848,0.9877099115013531,0.0024404385464585616,0.0,0.0,0.9884895772335017,0.0015144061206946865,0.1062746813636395,0.0051825134227142765
13468318.130217029,0.9894176159844047,0.00303622385494035,0.0,0.0,0.9898837393987955,0.0017603380476605293,0.09815861884126541,0.003898497291093133
13551845.07512521,0.989976730410785,0.0016834227264106725,0.0,0.0,0.9905198553213953,0.001212046203081608,0.08971584357732663,0.007266457013423702
13635372.02003339,0.9878189882341705,0.0006052630844865271,0.0,0.0,0.9892615998889442,0.0020898746378403606,0.08655653760313974,0.00537169788794732
13718898.96494157,0.9874538633383532,0.000723257793834547,0.0,0.0,0.9905171073999091,0.0019984937331743204,0.07957011690277403,0.0028357824341663394
13802425.90984975,0.9876675956305071,0.0010760183764402088,0.0,0.0,0.9887484629695509,0.0026690285149987927,0.07121880467972332,0.0031173175974570895
13885952.854757931,0.9881924803131638,0.0020020203680201814,0.0,0.0,0.9883797629422956,0.00233638678363603,0.06462636348288064,0.003684394721966742
13969479.79966611,0.988472672926175,0.0019015717623018364,0.0,0.0,0.9882893975234671,0.001705516462716174,0.059947489437194856,0.001577598561523222
14053006.744574292,0.9885464169735667,0.0027014439116880774,0.0,0.0,0.988013579535604,0.0017396786288294114,0.06473967460005682,0.0028459798268155798
14136533.689482471,0.9913353868989545,0.0015217223616881958,0.0,0.0,0.9896185083095519,0.0005435535569996908,0.06677085015206877,0.0054592169873759295
14220060.634390652,0.9905329076882571,0.0008824787462578434,0.0,0.0,0.9885407623736487,0.0009109196861457452,0.06701885326206473,0.003552936551246163
14303587.579298832,0.9904281517103467,0.0012374972542916044,0.0,0.0,0.9885371352345876,0.0006132346149811575,0.06265784750109152,0.005416405297745077
14387114.524207013,0.9904196581803592,0.001514036633348535,0.0,0.0,0.9880597023149919,0.0008856005188757946,0.0588026172472497,0.010004444360282716
14470641.469115192,0.9910263184380343,0.000997960222274315,0.0,0.0,0.9886820116628451,0.0010705203107625818,0.06891429361903047,0.0044679832104546294
14554168.414023373,0.9914022797388599,0.0004273415585592735,0.0,0.0,0.9885334025507664,0.0016290440940106828,0.05665942898607876,0.0037403450452522568
14637695.358931553,0.9920432744230127,0.0006340694927836033,0.0,0.0,0.9878100744291199,0.00116284800841301,0.05528235586205126,0.004594651703644405
14721222.303839734,0.9921019732721152,0.000812583644100712,0.0,0.0,0.9873384168120003,0.0026620893643166006,0.053397738388571814,0.0029890315490093224
14804749.248747913,0.9934085072298261,0.0006447138979284882,0.0,0.0,0.9886080123797373,0.001407913954053787,0.047081705245209195,0.0016562577350540347
14888276.193656094,0.9913555517825791,0.0016306941619775826,0.0,0.0,0.989525663391592,0.0005590347801888611,0.043680562327202764,0.005753994589529971
14971803.138564274,0.9924345142857183,0.002112368924516154,0.0,0.0,0.9885290613826015,0.0020407905803159253,0.04572073059028068,0.004599320627748956
15055330.083472455,0.9900301025224455,0.0020468812785965967,0.0,0.0,0.9894541456083233,0.0011164986285364603,0.04615979080924503,0.004741575021017845
15138857.028380634,0.9901735866788507,0.0017197577398749674,0.0,0.0,0.9908640994909662,0.0005600920619886369,0.04160058505278063,0.0026909899907895576
15222383.973288815,0.989503501597789,0.002738207958423456,0.0,0.0,0.989235540985308,0.0008390245204748016,0.04564449844244416,0.002262899349366466
15305910.918196995,0.9890477337228587,0.000752893991043981,0.0,0.0,0.9884084557490339,0.0010715454116399003,0.04174667095177816,0.004894328443874551
15389437.863105176,0.990108573612987,0.0005790722153111985,0.0,0.0,0.9889043589138472,0.0015544723720353683,0.03634985735168893,0.00439286554400113
15472964.808013355,0.990871037182218,0.0007935249230442074,0.0,0.0,0.9895660578679312,0.0011142680198973308,0.03534383719522042,0.003567037552101262
15556491.752921537,0.9908603450875706,0.0022377244638992102,0.0,0.0,0.9906911770539294,0.00044804717832487454,0.031249705904759516,0.004557229741311321
15640018.697829716,0.9906184295128955,0.0018812670438976015,0.0,0.0,0.9904906691016692,0.0010324651598116782,0.031248728314224757,0.005276138327973213
15723545.642737897,0.9921599347982611,0.0015516924764402487,0.0,0.0,0.9894430415678444,0.0007026940260780681,0.03267557698804475,0.0015866953758467345
15807072.587646076,0.9915849125802612,0.001984728006668534,0.0,0.0,0.9892525173255544,0.0010398948129694717,0.03270288477403322,0.0030014874362804113
15890599.532554258,0.9897816874844773,0.0020422039277669954,0.0,0.0,0.9886213485195,0.002524853225252833,0.032129662988161646,0.004659722643089373
15974126.477462437,0.9897295940432973,0.002138061252308311,0.0,0.0,0.9881786822681587,0.0014340015437578303,0.02921708726338353,0.004410663944339109
16057653.422370618,0.9903032441075127,0.0014923227977769922,0.0,0.0,0.988637232061354,0.0005745074855170698,0.027513742598195706,0.005679341285574271
16141180.3672788,0.9902307874274155,0.0009309255813348226,0.0,0.0,0.9885918808639033,0.0010264766799167218,0.02820905071806526,0.0064948308541247345
16224707.312186979,0.9910499550815731,0.00043853439777419794,0.0,0.0,0.9888918258385901,0.0015519903242769532,0.029275935966669674,0.0036107830598455038
16308234.25709516,0.9915789415696453,0.0009362552189112197,0.0,0.0,0.9899379045176926,0.0019004289743202814,0.02825813255425555,0.0015781961856711376
16391761.20200334,0.9921204459416927,0.0003797137455713651,0.0,0.0,0.9905431458668089,0.0005478299579776297,0.028503840321506366,0.0019814943291646637
16475288.14691152,0.9904190088317679,0.0005345220359360734,0.0,0.0,0.9890098391430234,0.002443979740960515,0.03413327650400826,0.004970492318799262
16558815.0918197,0.9914011680191858,0.0005241339507086463,0.0,0.0,0.9870734682093629,0.0015136133026423125,0.036746138855356436,0.006039451053672178
16642342.036727881,0.9900319215385017,0.0007019363044942073,0.0,0.0,0.9880385280628171,0.0013269266840821227,0.031245781355980145,0.004162774774108788
16725868.98163606,0.9883867042422833,0.002366720035327521,0.0,0.0,0.9882724641865067,0.0016594949276627525,0.02637951959461307,0.005509495086590639
16809395.92654424,0.9880778166617104,0.0026129931796375714,0.0,0.0,0.9898594005372408,0.0014929473342731618,0.027088561031819697,0.0042012094820562266
16892922.87145242,0.9891241290126129,0.0015307305852275627,0.0,0.0,0.9892462774775366,0.000293513438824017,0.03155019137414795,0.0009364770738983758
16976449.8163606,0.9881358530900245,0.001552189590459699,0.0,0.0,0.9903293486117009,0.0006752413228509993,0.035090646664522156,0.004293247485156845
17059976.761268783,0.9871970463477732,0.0024441592351375782,0.0,0.0,0.9882838612050803,0.0008825026363135439,0.0365146968951106,0.0032983741584777532
17143503.706176963,0.9873110518812888,0.0005258621754280439,0.0,0.0,0.9874034848733594,0.0015057507017293664,0.034580957575794526,0.0032837731359704856
17227030.651085142,0.9875910419220686,0.0005257991491592655,0.0,0.0,0.9860933274732444,0.002072656229275261,0.0317101464201757,0.004020780836392544
17310557.59599332,0.9872702751015133,0.0013119176862065158,0.0,0.0,0.9885407451269385,0.001663953169470282,0.028244830000695807,0.004225877669493204
17394084.540901504,0.9878898761525993,0.0009755580930122584,0.0,0.0,0.9880854871417576,0.00217831243820669,0.027042764031020922,0.003449786268363675
17477611.485809684,0.9901684733979318,0.0009013721324905889,0.0,0.0,0.989859730786438,0.002365974878389936,0.028870465468187865,0.006099111975467013
17561138.430717863,0.9904512840285454,0.001588801731925447,0.0,0.0,0.9894408924614252,0.0014645704535448255,0.024481398927867607,0.004260055695133932
17644665.375626042,0.990983066256539,0.0016856031655600174,0.0,0.0,0.98981249238262,0.0011036974411498977,0.020476714842320953,0.002431760222988714
17728192.320534226,0.9899271948562487,0.002636944697392916,0.0,0.0,0.9901703405216663,0.00040980069326281704,0.02512288219370744,0.0006064077229945647
17811719.265442405,0.9906929423599043,0.0023365250913967993,0.0,0.0,0.9907062895552797,0.0007621695575409817,0.02583645278031114,0.0022719914056217373
17895246.210350584,0.9895242479345437,0.0013268292336813068,0.0,0.0,0.9903181969167406,0.0012927432840590678,0.025969842448499675,0.003178267808678124
17978773.155258764,0.9910174709509502,0.0004896077043438156,0.0,0.0,0.9910143740729769,0.0013582685095598263,0.026078153091836098,0.0034172977241189893
18062300.100166947,0.9912578945304872,0.00041283978668123564,0.0,0.0,0.9894939771502974,0.0025675527836282962,0.029727584340007458,0.0011978710908864515
18145827.045075126,0.989558465601975,0.0010693067243373526,0.0,0.0,0.9900357314634896,0.001741393269336082,0.03573210957155786,0.0023322211522907614
18229353.989983305,0.9911090720782907,0.0005831535588030144,0.0,0.0,0.9888793183228678,0.0013177024379713042,0.036666881793853544,0.0015242558587581806
18312880.934891485,0.9884825783321834,0.0016559539177481515,0.0,0.0,0.9902539644629105,0.0012798958775146812,0.0398277748318564,0.0013622365601579614
18396407.879799668,0.9890196908834588,0.0011924490449074254,0.0,0.0,0.9904268995929693,0.0018424469901503465,0.03647801253214134,0.0010108531027064986
18479934.824707847,0.9884434331493823,0.0016567729121833772,0.0,0.0,0.9903089133839114,0.0011441596477229,0.03770147905861219,0.0025008511511846773
18563461.769616026,0.9871296904989185,0.0016283590391785933,0.0,0.0,0.9906215348402584,0.001593631201029739,0.04184462462961941,0.0004932204509988977
18646988.714524206,0.9879046288889451,0.0021873802653240722,0.0,0.0,0.9892037647207883,0.0008127370143480149,0.042680491294263025,0.004218600008594059
18730515.65943239,0.9879091549558651,0.0026484431626341205,0.0,0.0,0.9904923728013107,0.0008230960415790307,0.03287927620408809,0.004218336132702868
18814042.60434057,0.9870388743470874,0.004079536066869116,0.0,0.0,0.9912180468079312,0.0010479580791188756,0.030678872163865556,0.004564830577854807
18897569.549248748,0.9870389618903479,0.004011983105935528,0.0,0.0,0.9907868786940005,0.001676641295857714,0.026656445501007615,0.003107861853644966
18981096.49415693,0.9867281908968523,0.003840662145445131,0.0,0.0,0.9915143514618118,0.001509087631756511,0.033111995412421234,0.005643898128965261
19064623.43906511,0.988860779445696,0.003052128049508383,0.0,0.0,0.9915592491697724,0.0015946108504301735,0.03388356569591428,0.005912817879787281
19148150.38397329,0.9894246573489126,0.0032568451021666085,0.0,0.0,0.9909617900314377,0.0003828386430516399,0.03346165081435997,0.006653046346183826
19231677.32888147,0.9903356753316235,0.004030448960607688,0.0,0.0,0.990560808665835,0.0007562802684044992,0.03414653989714081,0.0031847310436004983
19315204.27378965,0.9881456715814406,0.004600315076081303,0.0,0.0,0.9893439120670839,0.0009056860514186022,0.03470141019891232,0.0032999027963799437
19398731.21869783,0.9898940269966988,0.0031494592497958995,0.0,0.0,0.9898878279707098,0.0009231626822830269,0.03464647559881501,0.005866983392138104
19482258.16360601,0.990086623286527,0.0025691894553853054,0.0,0.0,0.9909230097138476,0.0011451597810623003,0.038779665327832315,0.00473326287539893
19565785.10851419,0.9897557655679289,0.0032306395246409006,0.0,0.0,0.9895865069944674,0.001293349248307219,0.03783879057041525,0.004666629241008835
19649312.053422373,0.9894861769647942,0.0025780349301444275,0.0,0.0,0.990407950015633,0.0004155326294470266,0.03462284348762851,0.0033187349818355706
19732838.998330552,0.9903207864015835,0.0022825894468323366,0.0,0.0,0.9916999725231284,0.00058367937047012,0.03272236176243128,0.0029781645524535228
19816365.94323873,0.9912454415702353,0.002012077676844116,0.0,0.0,0.9917141060665006,0.0011346030657421844,0.03366199309278818,0.0052656008545525
19899892.88814691,0.9914589923582292,0.0016843607459433216,0.0,0.0,0.9911015901666694,0.0013470064550600636,0.028643016284842837,0.004842077460657197
19983419.833055094,0.9902568870314576,0.0009624672643510508,0.0,0.0,0.9912449125713353,0.001674665029132286,0.033320510313429856,0.007072789057511579
20066946.777963273,0.9888456209484714,0.0009828683004989168,0.0,0.0,0.990538169778613,0.0019871339766369127,0.035481999082795625,0.009288860271773919
20150473.722871453,0.9887185681654609,0.0011536284859069302,0.0,0.0,0.9909365671940137,0.0019392900016295682,0.0369199171960931,0.008594380712885704
20234000.667779632,0.9900045418321569,0.0009652239343749535,0.0,0.0,0.9900193120019862,0.003435585814301214,0.03609252100538372,0.007671179692130567
20317527.612687815,0.9891984623976713,0.001042590035619923,0.0,0.0,0.990375532614924,0.0021529323502820392,0.0338736797117467,0.006998277461614682
20401054.557595994,0.9860777850803989,0.0016575200235322296,0.0,0.0,0.9882017376148218,0.0026171461486131945,0.034779400315984976,0.007795599454532557
20484581.502504174,0.9848490162096016,0.0019921696729793613,0.0,0.0,0.987747801615915,0.0023816871894211046,0.03998046126859076,0.005890689096393793
20568108.447412353,0.9870291612082789,0.00038521088359015746,0.0,0.0,0.987548472834947,0.0006699291193756066,0.04041170738206591,0.00291536723705489
20651635.392320536,0.9872279809972649,0.00045142024960053806,0.0,0.0,0.9885773667809867,0.0023311156803773373,0.041143191337779855,0.005647635320646561
20735162.337228715,0.9878339412723179,0.0012129610569994952,0.0,0.0,0.9901252437364491,0.0023776650929105544,0.040967294408467976,0.007826391794544965
20818689.282136895,0.9870858541808006,0.0017341147695518798,0.0,0.0,0.9905044243294617,0.0011884989461705725,0.04156752212670702,0.00396753834493941
20902216.227045074,0.9882421241707958,0.001506923027278469,0.0,0.0,0.9886638825581816,0.0018636621005110074,0.0440073236487667,0.0028172262796606093
20985743.171953257,0.9891400824173902,0.0016138287111769486,0.0,0.0,0.9910158046064438,0.0012424107167967138,0.04291152597885511,0.0035062845751010234
21069270.116861437,0.9881617919323195,0.0007935718739177746,0.0,0.0,0.9906221788904691,0.0016529885123954167,0.04348725757796839,0.002931822113203151
21152797.061769616,0.9885055462423208,0.00035517277531321625,0.0,0.0,0.9906258580159933,0.000895383792199972,0.043833702440773725,0.005256580906398866
21236324.006677795,0.9892758180071519,0.0004210521409502243,0.0,0.0,0.9899997182902208,0.0015597558277770688,0.0428170052456883,0.0038757474487764554
21319850.95158598,0.9882673211916974,0.0007169269135531395,0.0,0.0,0.9894408584483942,0.00044366220102390493,0.04178199394261911,0.004081137336464176
21403377.896494158,0.9898213779564565,0.0008095983805661484,0.0,0.0,0.990219770483075,0.0005812268259219134,0.0362701862588998,0.0019355252309944157
21486904.841402337,0.990430719920099,0.000684447560170245,0.0,0.0,0.9905412747250405,0.0011096584750918592,0.035703111169737324,0.003507611911641074
21570431.78631052,0.9897381209468162,0.0012879750577019728,0.0,0.0,0.9894318500688821,0.002531994727923641,0.0418817921376393,0.0005613069282032029
21653958.7312187,0.9900302132738278,0.0007199521494507613,0.0,0.0,0.9908281195561766,0.001858579369847747,0.04209688643406743,0.0023908066817315645
21737485.67612688,0.9891708484444189,0.0014097976994277702,0.0,0.0,0.9918294810574646,0.0013131056087452005,0.04494033591134424,0.0030487956009761703
21821012.621035058,0.9881755417434571,0.002154848763672327,0.0,0.0,0.9907302986185034,0.0019104142658757021,0.044338606890223085,0.0008642970116170062
21904539.56594324,0.9908910332313484,0.0013396775751427796,0.0,0.0,0.990133819758617,0.0027307352536576454,0.04311614433604491,0.002402606330573265
21988066.51085142,0.9895953334723466,0.0004856524208017106,0.0,0.0,0.9907881974248381,0.0029135537983167484,0.04550760338570258,0.0018593430267925593
22071593.4557596,0.9901678318750006,0.00048090538504262995,0.0,0.0,0.9899032691973572,0.0011898664205585738,0.04765159981308259,0.0020636619570851343
22155120.40066778,0.991274000141507,0.0004096663880213266,0.0,0.0,0.9906629032547313,0.0006684869483727022,0.054993817950089,0.0052836623609905835
22238647.345575962,0.9906155281972501,0.0005852471739555418,0.0,0.0,0.9891679676467425,0.0005462908374505299,0.05828699574975288,0.006347471019137649
22322174.29048414,0.9902370193926421,0.0005214728089818337,0.0,0.0,0.9883052560390108,0.0005242407169849811,0.05456779718829698,0.006219537357024728
22405701.23539232,0.9893672962483997,0.0011419071465295877,0.0,0.0,0.9895146011604417,0.001160403752887022,0.056420559686250406,0.009338872154787011
22489228.1803005,0.9896324485551494,0.0007639871154729481,0.0,0.0,0.9902655606965777,0.001367954665505937,0.055755801243827056,0.013272160988911132
22572755.125208683,0.9915117182353156,0.0009915759526906796,0.0,0.0,0.9901126003468574,0.0008333936374988151,0.05318582932685198,0.009532432552858487
22656282.070116863,0.9909420986574703,0.0018635951066839403,0.0,0.0,0.9891986392275866,0.002222064865445281,0.05634807236024242,0.008576053039717172
22739809.015025042,0.9918911690477182,0.0009608035731032703,0.0,0.0,0.9897791451294528,0.002546208897447871,0.05383445478109763,0.0033794029768783036
22823335.95993322,0.9913687177948763,0.0005040485452916545,0.0,0.0,0.9889667362986971,0.0015234215341620417,0.0506661088507625,0.00209813004160021
22906862.904841404,0.9900071099960188,0.0016074433108322142,0.0,0.0,0.9851598812691936,0.0021734763866882866,0.0481848034739078,0.0005290449458868946
22990389.849749584,0.988883814012595,0.0006931687308132697,0.0,0.0,0.9874606091026181,0.00038894672295981906,0.047445223813825564,0.0016510203514664475
23073916.794657763,0.9894619967668569,0.0008807902041727969,0.0,0.0,0.9890716500788931,0.0007294411157922824,0.039243421440074706,0.0034911980968065914
23157443.739565942,0.9909893400120064,0.0009947524280158515,0.0,0.0,0.9874010544104918,0.0016256514762572956,0.041193786678460804,0.009283727832185245
23240970.684474126,0.9875078077401223,0.001979883746354181,0.0,0.0,0.9880491703334404,0.0013947072540802113,0.044032215597100015,0.003797870501552906
23324497.629382305,0.9880765970932663,0.0018037140567311511,0.0,0.0,0.9884732212667905,0.0009557564696142809,0.04643979162820038,0.005994558765506689
23408024.574290484,0.9879966499007323,0.0018782673513096477,0.0,0.0,0.9875894983260868,0.0012965993401249053,0.03895985039028563,0.0037426561698717885
23491551.519198664,0.9862112454947259,0.0033002862994828725,0.0,0.0,0.9882131893723104,0.0005516091167312453,0.038762481083623096,0.0035387015260322013
23575078.464106847,0.9877707557081717,0.0014681521267878867,0.0,0.0,0.9879793422359687,0.000798346865276129,0.043829905865670926,0.002279585221652539
23658605.409015026,0.988624112149996,0.001267599103811384,0.0,0.0,0.9891710196292749,0.0011375942296399024,0.04568374392955604,0.0035307067754733463
23742132.353923205,0.9891776478485639,0.0005004463270258675,0.0,0.0,0.9894711522956244,0.0009755641054251011,0.04295756123670038,0.003406622984898939
23825659.298831385,0.9885412931024309,0.0008942103824582712,0.0,0.0,0.988711697918457,0.0015237475380849835,0.040961012355746666,0.00822026842577255
23909186.243739568,0.9901217102976781,0.00035705378398094963,0.0,0.0,0.9884697389526459,0.0008330791829674575,0.04107785875662597,0.005612753252176682
23992713.188647747,0.9914132249027868,0.0008196665744669274,0.0,0.0,0.9890241959684172,0.000602257462394887,0.04040655870203741,0.007892345546555293
24076240.133555926,0.9919052078153219,0.0010568804348283084,0.0,0.0,0.9890479837624827,0.0007988652945899174,0.03527176790115543,0.0023630634867120976
24159767.07846411,0.9900437198891882,0.001912162832775671,0.0,0.0,0.9884247355828578,0.0004305959408068538,0.03351747326619859,0.0034249203445269076
24243294.02337229,0.9880693383833398,0.0027266651713496073,0.0,0.0,0.9896309134209488,0.000804463176462637,0.03132107422844018,0.005188495415637451
24326820.968280468,0.9889101864847651,0.0029028691884387956,0.0,0.0,0.9902892037609177,0.00016477525943832486,0.029311882529889307,0.0032259563351903177
24410347.913188647,0.990679547460128,0.002490927062927556,0.0,0.0,0.9907794613701109,0.0004075983880169664,0.03575753669446121,0.008036317332987368
24493874.85809683,0.9905709866687444,0.0032853448536821297,0.0,0.0,0.9908362931313731,0.0002842997826743799,0.033370446237391556,0.01021625013930579
24577401.80300501,0.9910242933880267,0.0035700027250243093,0.0,0.0,0.9893802148009755,0.0012381645201508136,0.03209165722612397,0.00864411141454329
24660928.74791319,0.99154555134026,0.0027436607418634637,0.0,0.0,0.9904302039289649,0.0004090011939747503,0.033819501931199356,0.006289993674511942
24744455.69282137,0.9911725251407452,0.0018238412812829343,0.0,0.0,0.9876309513492352,0.0004567479219428624,0.035426825830771405,0.007173922196806073
24827982.63772955,0.9901645193700039,0.003330375513724891,0.0,0.0,0.986647318952362,0.0003993896734917229,0.03592437808747536,0.006851885196326599
24911509.58263773,0.9908551359506469,0.0025564407968233895,0.0,0.0,0.9880912088962251,0.0006539989378819451,0.03736656934093097,0.004651372352170107
24995036.52754591,0.9912824233185519,0.003046669818568225,0.0,0.0,0.989624049092178,0.0015574143588739922,0.04167803852210502,0.003927818852008892
25078563.47245409,0.9930457711316901,0.001856993241856299,0.0,0.0,0.9826897079484395,0.0016784693000041428,0.05665415805005981,0.00423900716503623
25162090.417362273,0.9860005263130218,0.0031697678716226946,0.0,0.0,0.98534274107404,0.0020559772459904603,0.10100211008765347,0.006066687521271922
25245617.362270452,0.9830915195125723,0.005447242351278677,0.0,0.0,0.9875868591010103,0.0024641317128425966,0.14498873355644695,0.014108373084813984
25329144.30717863,0.9856026917839994,0.004216629825696182,0.0,0.0,0.9894121802294839,0.0015100080082261875,0.17322081267337316,0.008796471891745917
25412671.25208681,0.9845312055529613,0.005249229641773512,0.0,0.0,0.9896669212521019,0.001317222681323287,0.17781009928270128,0.0042619964625701875
25496198.196994994,0.9854858790873638,0.004612844590594425,0.0,0.0,0.9907456025795369,0.0017616991624275237,0.1721139947932666,0.004970873693095961
25579725.141903173,0.9866122005351831,0.0038665525233960276,0.0,0.0,0.9908795022227944,0.0014517578266073814,0.14906246712093008,0.007819366681767664
25663252.086811353,0.9868056835216169,0.003582453423379339,0.0,0.0,0.990727911795077,0.002268537330840802,0.1337407001400129,0.009800622541418943
25746779.031719532,0.9885495575969246,0.003434764298049009,0.0,0.0,0.9911340491177727,0.001350205437430325,0.12169447840203919,0.01077601360278052
25830305.976627715,0.9885199847350643,0.0025801385249778043,0.0,0.0,0.9905591340297589,0.001253917590602728,0.09771108284809778,0.008007153969246646
25913832.921535894,0.9877203588570694,0.0024362482086377375,0.0,0.0,0.9916509325421577,0.0006592779539731886,0.10205194615135148,0.005982680949698049
25997359.866444074,0.9861837812185131,0.0035534149946121153,0.0,0.0,0.9894784915722411,0.0017682778818447218,0.08462009668557562,0.009649674267167238
26080886.811352253,0.9850105983747471,0.0033037551748600308,0.0,0.0,0.9899188375227532,0.0006934684020513956,0.07742278143102167,0.00774572323564918
26164413.756260436,0.9860233497540815,0.0022378002540598472,0.0,0.0,0.9911506391918355,0.0017186444813037808,0.07255151902507347,0.006782487560271557
26247940.701168615,0.985470925522776,0.0030244818177826145,0.0,0.0,0.9910710900401195,0.0013773178230314623,0.0675028309052122,0.004621329195010769
26331467.646076795,0.9874483983431253,0.0020572628428409956,0.0,0.0,0.9919849633058785,0.0012477093861891116,0.07243109321550367,0.005005259483654584
26414994.590984974,0.9872191880919909,0.00181003823430275,0.0,0.0,0.9894525082174569,0.0009504179248230083,0.062088283860777665,0.002575802430610812
26498521.535893157,0.9898572194960232,0.0014778426828595027,0.0,0.0,0.9901538356205094,0.0021432949497004633,0.054404740400329166,0.004820839845616882
26582048.480801336,0.9898879341429728,0.002717242207982091,0.0,0.0,0.9903982763128355,0.0013346085821535894,0.05091817408935797,0.005516730974762714
26665575.425709516,0.9897856977928364,0.003218261533424094,0.0,0.0,0.9901132331483384,0.001437265690708581,0.04794922240492606,0.00832726501878547
26749102.370617695,0.9907278172117925,0.0025056596989686567,0.0,0.0,0.9919782760101384,0.0009403813851792737,0.05006442035283243,0.006940619995474632
26832629.31552588,0.9891154726781686,0.0014955243677802071,0.0,0.0,0.9917068475666776,0.0009763114099779312,0.0443611650933042,0.005163244165614127
26916156.260434058,0.9875662980426908,0.002440299760123459,0.0,0.0,0.9921263475683807,0.00013030174128063343,0.042082029150547685,0.0002563567114956306
26999683.205342237,0.9882648432281625,0.0014842381084055234,0.0,0.0,0.989617075594237,0.002044219950651891,0.045111038748843375,0.003555736203158413
27083210.15025042,0.9892702035703985,0.0013777228136265744,0.0,0.0,0.9898914560095364,0.002460586020756943,0.041607232373628567,0.006899533790430843
27166737.0951586,0.9899982099732464,0.0018438758135381993,0.0,0.0,0.9903615962577832,0.0022332929046711054,0.03724619991994118,0.004137115129803291
27250264.04006678,0.9905895876406214,0.0023709436595685126,0.0,0.0,0.9895765908189139,0.002001151032456005,0.03405367623659055,0.004732704645821369
27333790.984974958,0.9918168940829727,0.001980896914853235,0.0,0.0,0.9905730718229243,0.00041793124806125705,0.0302494262222599,0.0064122504656216025
27417317.92988314,0.9918750202152942,0.0024498984253525495,0.0,0.0,0.9903208726528231,0.002354306811738411,0.029226732086069213,0.0046228099591524375
27500844.87479132,0.9905412663070283,0.0015527688140630797,0.0,0.0,0.9910387000626683,0.0018513608080021468,0.03315565621602173,0.0029821369281141964
27584371.8196995,0.9896187343904543,0.0010364031338528092,0.0,0.0,0.9899363116381766,0.0026391718086744096,0.030745875666522163,0.0016522460445982474
27667898.76460768,0.9899427546250411,0.0007066660680090804,0.0,0.0,0.991732007658312,0.0023757211750277296,0.030907980678564956,0.003403920068959145
27751425.709515862,0.9885001271477997,0.0003058120557481777,0.0,0.0,0.9918399952957148,0.0020779758042630955,0.033087645616473586,0.006561213829293399
27834952.65442404,0.9892094342156232,0.0003886665261970909,0.0,0.0,0.9908768453719379,0.0018131590363612729,0.031574947713292355,0.00706070856773885
27918479.59933222,0.9880659656371122,0.000845150603231744,0.0,0.0,0.9906024241159369,0.0008760505779602516,0.029725420336648878,0.006320073536492175
28002006.5442404,0.9893346875941637,0.001217862159272123,0.0,0.0,0.9912490772599659,0.0012516909040981793,0.02807079042755008,0.005582583090992507
28085533.489148583,0.9889115256314028,0.0008204888253910998,0.0,0.0,0.9910714768279268,0.0016702233738460567,0.028787709905570086,0.005451838997247148
28169060.434056763,0.9890675399119729,0.0007361126033636955,0.0,0.0,0.9914710540960795,0.0023378885784791597,0.029619446798450615,0.004921318378879577
28252587.378964942,0.988813366828364,0.00043182890441572383,0.0,0.0,0.9924574492072221,0.001710013685085063,0.026015268128239625,0.005116378594689048
28336114.32387312,0.9894851430476305,0.0010243821656959434,0.0,0.0,0.9919883883004267,0.0017313456652727798,0.021852545475129187,0.0053646624391991355
28419641.268781304,0.9903590458333175,0.001224208613777182,0.0,0.0,0.9902228975673711,0.0022024355543762172,0.022747346842202646,0.0056116208607028695
28503168.213689484,0.9913051435088934,0.0013219623608659225,0.0,0.0,0.9908935164781583,0.00191292695370047,0.02432763987402815,0.00393314206381283
28586695.158597663,0.9902129069250564,0.00256843769563702,0.0,0.0,0.9915633986641744,0.001400532443359999,0.02355776822534612,0.0032192286174226306
28670222.103505842,0.9903760783422708,0.0018848094208178893,0.0,0.0,0.9913327625513454,0.0012264092700633121,0.02428541558322818,0.005217279094178393
28753749.048414025,0.9908481747838529,0.0019770252875486445,0.0,0.0,0.990829506297743,0.0010227825317799017,0.02374823015861534,0.005812607209412078
28837275.993322205,0.988596754857137,0.0020141487210684392,0.0,0.0,0.990511160978253,0.0011354920213980028,0.022622213259343365,0.0058882585445276855
28920802.938230384,0.9902168448232757,0.002316458196510893,0.0,0.0,0.9894566429940544,0.0005799620269698699,0.023253062713707046,0.0077573441980405815
29004329.883138563,0.9908618231818851,0.0020417735511784013,0.0,0.0,0.990078844072591,0.001699121487684587,0.024828281517697576,0.008938476883995444
29087856.828046747,0.9915502075923691,0.0016839976487826231,0.0,0.0,0.9903421872557142,0.0010950809986008051,0.027514240122515656,0.005899400909290641
29171383.772954926,0.9918092571509223,0.001561731775263326,0.0,0.0,0.9907092538168442,0.00018886265020996834,0.02892619811852219,0.005838492500262673
29254910.717863105,0.9919012761984661,0.0016414406547949646,0.0,0.0,0.9898978438617507,0.0006526907030638409,0.026670827042253164,0.0062537871282330225
29338437.662771285,0.9910883982156481,0.0014875670336667868,0.0,0.0,0.9886442343186991,0.001712387151922576,0.022288078230136416,0.006350620145963821
29421964.607679468,0.9924332619209263,0.000572590550112179,0.0,0.0,0.9899298307083986,0.0020729705009879078,0.017456770957551482,0.004460014314989454
29505491.552587647,0.9914705171068471,0.0005412601308865304,0.0,0.0,0.9899379982621078,0.0014262529871121115,0.01656323132067555,0.004325293675717366
29589018.497495826,0.9895765625568288,0.0015936624439511987,0.0,0.0,0.9919499053149726,0.0007291490623693959,0.025542174980977706,0.010094261599921132
29672545.44240401,0.9915341174753952,0.0016113600420723777,0.0,0.0,0.99159706826786,0.0017131065360643043,0.02530899298707941,0.00892796588741406
29756072.38731219,0.9910950842322764,0.0011823517611344394,0.0,0.0,0.9908880228823612,0.0019023438879533178,0.029171926289596074,0.011797510351027288
29839599.332220368,0.9893573811232831,0.00041670966360396954,0.0,0.0,0.9923043449427539,0.001782102605162254,0.02461544022697333,0.010807998929350754
29923126.277128547,0.988952991617,0.00022644869430285655,0.0,0.0,0.9911961361390264,0.001171554004032868,0.028555977748991854,0.010332718734654979
30006653.22203673,0.9887051399293224,0.0006413261690939334,0.0,0.0,0.9890985576809239,0.0021262598904326583,0.025692047339203373,0.010345662084124206
30090180.16694491,0.989156267045871,0.00140630868557421,0.0,0.0,0.9902406947479312,0.0016371948183452033,0.02288911767435403,0.010221737117329915
30173707.11185309,0.989647597520448,0.0012875262578419448,0.0,0.0,0.9914088454585951,0.0020061045732862786,0.02450991687539493,0.011228798268052963
30257234.05676127,0.9899270767110586,0.0017945297384640605,0.0,0.0,0.9907586890084584,0.002570796568692771,0.026352589519090346,0.011166320399018742
30340761.00166945,0.9905449291048742,0.00206578584119391,0.0,0.0,0.9916784380543217,0.0014221852187902603,0.027465559991434848,0.009322667597967049
30424287.94657763,0.9915268297568322,0.0019110009651957904,0.0,0.0,0.992399772523036,0.0013054670065696893,0.029808863480161266,0.0064872635956157694
30507814.89148581,0.9914454212700207,0.002038613086003698,0.0,0.0,0.9916425590870066,0.0010861646439027995,0.026159613099375006,0.000608734589096786
30591341.83639399,0.9903700580181315,0.0016521859322411571,0.0,0.0,0.9891178979744023,0.001557962491894557,0.026242802658249586,0.0017549604539289778
30674868.781302173,0.9907653548425505,0.0009910953728190165,0.0,0.0,0.9885748227979122,0.0020033659415901036,0.023723543189916305,0.003016976530156915
30758395.726210352,0.9884850615370352,0.0006583141925903962,0.0,0.0,0.987094648787712,0.003372335413432692,0.02449973568071981,0.0048869198544213305
30841922.67111853,0.9897714924955568,0.0006699909236676158,0.0,0.0,0.9879453789215148,0.003417750444096402,0.02410828590086747,0.0039033473047655957
30925449.61602671,0.9891638148242992,0.0005334311753281792,0.0,0.0,0.987876133065309,0.0037780677533169305,0.02386402882756461,0.0039011299671223494
31008976.560934894,0.9883289896273629,0.0003684834085908454,0.0,0.0,0.9860593271865611,0.006629386596717946,0.021407885996795772,0.005558103425461124
31092503.505843073,0.9884860017825067,0.0013508355357743846,0.0,0.0,0.9852406646137352,0.006484784304205173,0.02062739389592023,0.0028802706672932748
31176030.450751252,0.9872014582871408,0.0012384530026518595,0.0,0.0,0.9850069197495666,0.005991828252762424,0.02005151367760015,0.0024444577379525694
31259557.39565943,0.9870423602503698,0.0005531213676065672,0.0,0.0,0.9840368282742089,0.0061792383623740154,0.01905998294113104,0.003243720411142037
31343084.340567615,0.9886406739949464,0.0005611087925412175,0.0,0.0,0.9845354448498478,0.005785841245451921,0.019586933222962757,0.0014642667986472717
31426611.285475794,0.9885112671959465,0.0009244512388360104,0.0,0.0,0.9857546510812317,0.005631561847318403,0.021232551938669686,0.00221078335588671
31510138.230383974,0.9895075418684591,0.0008378364036984238,0.0,0.0,0.9851316572313777,0.004855134054473011,0.019692814291497187,0.0010558056672911283
31593665.175292153,0.9899281542081092,0.0011722673164166776,0.0,0.0,0.986637119683758,0.005354553685663125,0.021125008371450964,0.00222801645127887
31677192.120200336,0.9883655868338348,0.0026757928542992934,0.0,0.0,0.9879505363593277,0.005107575136205421,0.022431263120734485,0.0009406545942904279
31760719.065108515,0.9893082895121839,0.002203102139828524,0.0,0.0,0.9896338654681087,0.00377823689915831,0.026300325559412186,0.0018719223197753842
31844246.010016695,0.9898378623186416,0.002064071097115014,0.0,0.0,0.9883240919246337,0.003982119385391749,0.029136083245066956,0.0036182193836985974
31927772.954924874,0.9911003042376105,0.0014535715331616655,0.0,0.0,0.986898379271702,0.004554478542962849,0.030620642117234198,0.004323851419944203
32011299.899833057,0.9900035130835181,0.0012258250814380484,0.0,0.0,0.9872396621351157,0.004428096270396872,0.03133535265161922,0.005697539295343144
32094826.844741236,0.9879042798937574,0.0010446548646687794,0.0,0.0,0.9875389874147343,0.0035651415771766706,0.029693966972834662,0.0035968453170070226
32178353.789649416,0.9880443946825266,0.0012783195196631356,0.0,0.0,0.9881991477986324,0.0026204332020386464,0.02905332223181945,0.0022133162080154234
32261880.7345576,0.9882785977212459,0.0012154828357175686,0.0,0.0,0.9880684653628174,0.003268109175711972,0.028019821918443127,0.0016214439212574
32345407.67946578,0.9880689744080007,0.0015219861356841374,0.0,0.0,0.9875555662339032,0.0029969586143859515,0.027848889819116252,0.003788306541298309
32428934.624373958,0.9870615275700766,0.002258396409303697,0.0,0.0,0.9884746968886056,0.0024573053251155112,0.026897517377915143,0.005086935652956792
32512461.569282137,0.9877702829090426,0.001429657893676443,0.0,0.0,0.9885270193218908,0.003706560021722037,0.026302226997655484,0.006309741382608232
32595988.51419032,0.9859085566486421,0.0005722528270900951,0.0,0.0,0.9893004376208774,0.002379087609751537,0.02593871679346491,0.004882606169545617
32679515.4590985,0.9859991332419091,0.0005577723087387175,0.0,0.0,0.988252348924345,0.0025417796840978557,0.026800413042864093,0.0029529149909643683
32763042.40400668,0.985668867259292,0.0007240479028113383,0.0,0.0,0.989381719108323,0.0023361961988982117,0.02584266198833861,0.0016924258143678004
32846569.348914858,0.9861928039689176,0.0003355513615936341,0.0,0.0,0.9890409487445974,0.002198789947722643,0.028605373615517942,0.0015089724561598477
32930096.29382304,0.9872236810994984,0.001349086086971336,0.0,0.0,0.9873806289031827,0.0027861921487548737,0.03315992442337373,0.0029945521290688495
33013623.23873122,0.9867231012204029,0.0006646014619139681,0.0,0.0,0.9882619485971514,0.0012929625984549422,0.035166406160810654,0.0016786444617063493
33097150.1836394,0.988394105329068,0.0005752053243151296,0.0,0.0,0.9900378085431004,0.0003799532934056634,0.03308539935609877,0.0031190993149361025
33180677.12854758,0.9901557819785459,0.0011736888885646056,0.0,0.0,0.9904980797413284,0.0014558778056635688,0.03250467044979646,0.0023581336046740713
33264204.073455762,0.9902465434425775,0.0007906597244159434,0.0,0.0,0.9906039044452251,0.0008944746906929127,0.029907741008120093,0.0022388307039828397
33347731.01836394,0.9892008372870805,0.0015614474264914122,0.0,0.0,0.9902626431598317,0.000775405765948946,0.02909293121869987,0.0033721434600824493
33431257.96327212,0.9892712746790789,0.0010706434677749126,0.0,0.0,0.9912409255457145,0.0014102291700272046,0.028664018560751705,0.004554167955539217
33514784.9081803,0.9903487777883192,0.0014985265662899637,0.0,0.0,0.9917451117274169,0.0013537970954787394,0.030253502283151993,0.003985587474005677
33598311.85308848,0.9887611536566699,0.0012725921276705043,0.0,0.0,0.9904943276985309,0.0015304212016761887,0.04006703749420333,0.0031105291864168003
33681838.79799666,0.9881233898494761,0.0013291368318622823,0.0,0.0,0.9899800488692746,0.0022312797634909272,0.03627950623913522,0.002954391374926402
33765365.74290484,0.9889163947463088,0.0012798283806976587,0.0,0.0,0.990451250545879,0.0022562438220969706,0.03305860156207136,0.0011614430545256235
33848892.68781302,0.9899341752742369,0.0011441502423620638,0.0,0.0,0.9904972444519791,0.0021760150805259946,0.032849409322433555,0.003245991031397557
33932419.6327212,0.990257555217633,0.0015063172474675192,0.0,0.0,0.9913017182268629,0.002128590018588954,0.039796199413328875,0.002534503488413517
34015946.57762938,0.9904519701183029,0.0009525312501712786,0.0,0.0,0.9899718385500856,0.0018143411870750724,0.03778984208853178,0.0014868533138800003
34099473.52253757,0.9895816789587336,0.0013826986483682767,0.0,0.0,0.9902083230541736,0.0015045711274206336,0.03403281557898577,0.0024256243427507244
34183000.467445746,0.9903600581879463,0.0006076975791164179,0.0,0.0,0.9920523357430099,0.0010132899944607884,0.03283496131095862,0.0028603836440992125
34266527.412353925,0.9883548944458598,0.0009991246216594467,0.0,0.0,0.9908391557600335,0.0013968329890021404,0.03662567719142839,0.002463744765208707
34350054.357262105,0.9885063482781079,0.0012801465255510695,0.0,0.0,0.9905477924180869,0.0020370045016168113,0.03991049402706851,0.0021951975570071273
34433581.302170284,0.9890569499301032,0.0006845022648377582,0.0,0.0,0.990198248851074,0.0004918591149531656,0.036235119755160174,0.006599454044781444
34517108.24707846,0.9899441825013174,0.00047069045102158874,0.0,0.0,0.9880280885847289,0.000716262142970944,0.038772780132726364,0.007106904372850507
34600635.19198664,0.9904605607231343,0.0007353736018437417,0.0,0.0,0.9871843700444555,0.0016959170167383543,0.03776728731347038,0.005985462840525901
34684162.13689482,0.9892599355281083,0.0016183938167589412,0.0,0.0,0.988661401993725,0.0014676874918711142,0.0430599816632831,0.0053192850878483215
34767689.08180301,0.9898241965922719,0.0006268212693529187,0.0,0.0,0.9893972451011303,0.0018191858884846097,0.03954362184267715,0.007825226302657409
34851216.02671119,0.9892417244942416,0.0004035858930747394,0.0,0.0,0.9893068327308602,0.0012896683954969179,0.03505709569582436,0.007362185308274748
34934742.97161937,0.9879224190086647,0.0015739606462816774,0.0,0.0,0.9902242537793988,0.0013019426751324534,0.04198244560986276,0.006123723552586457
35018269.91652755,0.9875810535709065,0.001118194618478188,0.0,0.0,0.9917293265152951,0.0016619463578606466,0.03987037048242303,0.0022156273791614713
35101796.86143573,0.9863134958231857,0.0007234464006204213,0.0,0.0,0.9907740326207096,0.0015773962155516406,0.042430188874670455,0.0032183397056295953
35185323.806343906,0.9866329204562362,0.0003898972500907618,0.0,0.0,0.9904042450388997,0.001291670887257136,0.04205435571157584,0.00336966817753147
35268850.751252085,0.9858056357772261,0.0006741712187467761,0.0,0.0,0.9903555009898316,0.0012996024489304947,0.0338248568701596,0.0047216734616775235
35352377.69616027,0.9875814738476553,0.0018244570325004327,0.0,0.0,0.990005265227149,0.0024522851076189604,0.03369171191144996,0.004613354455912934
35435904.64106845,0.9886106721436253,0.0008096225401576777,0.0,0.0,0.9877352991635729,0.002795533783732794,0.0340671137854378,0.004264580712740929
35519431.58597663,0.9893527591370956,0.001972721301397686,0.0,0.0,0.9870458914925494,0.0011679504122179849,0.03955779346521893,0.0049709583474064145
35602958.53088481,0.9876677073023264,0.001994892817826519,0.0,0.0,0.9881913698891748,0.002001505615381617,0.041999216768819264,0.0031992424058523944
35686485.47579299,0.9871284216527396,0.0015366469327579737,0.0,0.0,0.9882605002498478,0.0018927619444988964,0.04789512109537125,0.0009693317473378257
35770012.42070117,0.9874725276361994,0.0017652852861617658,0.0,0.0,0.9878853321422945,0.0020708119572935167,0.049761552762394266,0.0022777951110004523
35853539.36560935,0.9878606252040169,0.0007621996914492459,0.0,0.0,0.9888432147208673,0.0021314336908546967,0.051903210661082506,0.0053939960466568935
35937066.31051753,0.9876095677762388,0.0011432254780605034,0.0,0.0,0.9876675613597184,0.0020604438706057133,0.05238508445099061,0.008069958205388908
36020593.255425714,0.9881991092136079,0.0022012161397722708,0.0,0.0,0.9890490964766377,0.002158718851195387,0.051879954599825334,0.006270162198073799
36104120.20033389,0.9892711181169304,0.002264083231289344,0.0,0.0,0.9891431372721889,0.001666617875034019,0.044877177274974506,0.0027848067109047035
36187647.14524207,0.9886550534232207,0.0013714357101932105,0.0,0.0,0.9890551632244408,0.0016873200372033476,0.0474872355881516,0.006335522328293535
36271174.09015025,0.9888838480949712,0.0011619219105840788,0.0,0.0,0.9907754395084224,0.0012678308761519773,0.04418123334594563,0.008594830106713518
36354701.03505843,0.9877476691705686,0.002627573492158823,0.0,0.0,0.9895706262010505,0.001260599032133028,0.043965819387392024,0.00917017575540288
36438227.97996661,0.9877434446793857,0.0026890258593712368,0.0,0.0,0.9885941702782101,0.0003710214817227033,0.04426579211662337,0.00993366154347952
36521754.92487479,0.9890557473161036,0.002220157712767535,0.0,0.0,0.9880916172134184,0.0020266462872617665,0.047425920148774836,0.01155797608827431
36605281.86978297,0.9896455679793351,0.002522934169087415,0.0,0.0,0.9879787273141316,0.002644788631296302,0.054458023456736726,0.014452046909236875
36688808.814691156,0.989406291717446,0.0015074407231290832,0.0,0.0,0.9869326532721169,0.0018289495292843053,0.056290870940060446,0.01457515745284795
36772335.759599335,0.987119390153997,0.0008807516113670346,0.0,0.0,0.9869592489406097,0.0028121319076108296,0.05527228215426907,0.01301601672376959
36855862.704507515,0.9893429641406954,0.0012514745744884436,0.0,0.0,0.9868636294157772,0.0023107220561379167,0.055919381150707964,0.014222653525733538
36939389.649415694,0.9898026726121305,0.00093669777929476,0.0,0.0,0.9879804424037162,0.0021553662705444837,0.05792906435849529,0.014741148072633069
37022916.59432387,0.9905127513159182,0.0003000751993956411,0.0,0.0,0.9897964797775529,0.0024395586500385196,0.058196496660740483,0.012203622742420433
37106443.53923205,0.9898142826289553,0.0007301720220520254,0.0,0.0,0.9898080683032133,0.0029825189144761077,0.05567217806195277,0.011147075748252192
37189970.48414023,0.9893699216130685,0.0009824453783421764,0.0,0.0,0.9892010520053246,0.003476080037694779,0.05309311579561385,0.011949261060220786
37273497.42904841,0.9894232408262681,0.0003965884364822489,0.0,0.0,0.989006427659468,0.004558160110835564,0.05211474092397698,0.011537284766353123
37357024.3739566,0.9901170354132661,0.0009389239763757869,0.0,0.0,0.9906051255478903,0.0036116459085799714,0.05284849609193876,0.008766950241216633
37440551.31886478,0.9893518134995852,0.0020591371455974676,0.0,0.0,0.990318855201067,0.0031011448380148625,0.053792125665903134,0.008794665262163914
37524078.26377296,0.9877830450034827,0.0016653272574259363,0.0,0.0,0.9887704107443837,0.002974669981690473,0.057686494360386455,0.00612740598459229
37607605.20868114,0.9885067570332827,0.0012727502032042165,0.0,0.0,0.9661737239116621,0.0163952332419335,0.07576738461599179,0.008434986755479087
37691132.153589316,0.9794220408504039,0.0030820484202266434,0.0,0.0,0.9690494222839644,0.01720548810982447,0.12919634328530472,0.01373121941152436
37774659.098497495,0.9804328739959578,0.0029258812503281193,0.0,0.0,0.9726835696066845,0.014111872869682787,0.16244831248010252,0.01641150320312446
37858186.043405674,0.985425312937536,0.002086506125084937,0.0,0.0,0.9761572602869305,0.01080533442320896,0.1825805197834883,0.011544935764669542
37941712.98831386,0.985943123171225,0.0011284006413165631,0.0,0.0,0.9790438227454709,0.009499872998254619,0.17639865100007465,0.00916502300353087
38025239.93322204,0.9856336635706787,0.0013834831458443926,0.0,0.0,0.9792748262628521,0.009871157353146037,0.15592647235880944,0.012471808724180597
38108766.87813022,0.9878848610032388,0.0010948816561324722,0.0,0.0,0.9787316083469116,0.010466852896200706,0.13975381672493584,0.009697690663076063
38192293.8230384,0.9867847982233732,0.0017425266952960825,0.0,0.0,0.9785794702235062,0.01094015479968356,0.12064165734101745,0.005923789168970904
38275820.76794658,0.9883568576154307,0.0011128876604608714,0.0,0.0,0.9788336542378246,0.011712684672949877,0.10712920128883134,0.005549113251274018
38359347.71285476,0.9867579973017221,0.001824279325010584,0.0,0.0,0.9781497848749373,0.012579655157659155,0.09419423160040653,0.0013492590320817314
38442874.65776294,0.9877114846413925,0.0020198657407127915,0.0,0.0,0.9793877106305109,0.011920108304336898,0.08637658418196666,0.003223923599245953
38526401.60267112,0.9889474753165013,0.0016008953808221069,0.0,0.0,0.9822243967515275,0.010915447875179998,0.08257530856905891,0.003911992970891216
38609928.5475793,0.9886357348392828,0.0006033049566931166,0.0,0.0,0.9843984246805905,0.007765162670696889,0.07463183926090881,0.0009405082423072432
38693455.49248748,0.9886801152664725,0.00017401010925889934,0.0,0.0,0.9845759654123283,0.006107089737251728,0.0678923830648188,0.002932383581531579
38776982.43739566,0.9885431703714905,0.00034384900273343167,0.0,0.0,0.9864377459666819,0.004668915673607081,0.05823507162470096,0.0041118157543631574
38860509.38230384,0.9894611227279541,0.0002788417653035193,0.0,0.0,0.9881763616045717,0.003034866859144469,0.05661845528308659,0.0072562610198104276
38944036.32721202,0.9896392875047363,0.000887935476719031,0.0,0.0,0.9880033198072189,0.0045473630845850686,0.06130530810018653,0.012523621519323694
39027563.2721202,0.9900563537824191,0.002226625924566055,0.0,0.0,0.9863907069243214,0.005535775582938539,0.0580070124666524,0.006388034927632906
39111090.21702838,0.9913283308694115,0.002331037658638608,0.0,0.0,0.9836978824148422,0.007493983822710756,0.055836400135781096,0.007015006853810471
39194617.16193656,0.9888957093098983,0.0019355982106971537,0.0,0.0,0.9833926592463745,0.007554121895493928,0.05209620076927716,0.006226920690113098
39278144.106844746,0.9890071064486216,0.002093133467173309,0.0,0.0,0.9830703073177829,0.007745728825381218,0.049988049049592094,0.007243131525104007
39361671.051752925,0.9889646440314764,0.0013213772414788674,0.0,0.0,0.9790508563862156,0.012134438216612071,0.04864663036250225,0.006654431896624384
39445197.996661104,0.9903136804168096,0.0006617340663470433,0.0,0.0,0.9806452017241095,0.012046134893705764,0.04668652500617135,0.0072224348556814665
39528724.94156928,0.9888967348176977,0.0014068189676174482,0.0,0.0,0.9800960610768801,0.011812832686258592,0.047890356938028296,0.006184359551892486
39612251.88647746,0.9872086176575884,0.002331550187294155,0.0,0.0,0.9803770502305077,0.011003894961089448,0.043431383802694463,0.0054277927674303734
39695778.83138564,0.9876508721314079,0.0030212259764064043,0.0,0.0,0.9807437227159558,0.009258429285762728,0.039188156751570315,0.004507487889150046
39779305.77629382,0.9882748278918206,0.00196502176508803,0.0,0.0,0.9813457137354389,0.008362521977838799,0.03468323106483407,0.001963245435361624
39862832.721202,0.9876999067723317,0.0025342171828260517,0.0,0.0,0.983550537185203,0.006397759030329865,0.03323236116687805,0.0024832521412107476
39946359.66611019,0.9886579939396354,0.0013754875153418682,0.0,0.0,0.9837351971691063,0.005934044311100224,0.03481655548510254,0.0023728891399321813
40029886.61101837,0.9888879019800135,0.00261413928414798,0.0,0.0,0.9813389735203755,0.006980470104146676,0.03486615853661245,0.0023890272170911035
40113413.55592655,0.9876231738397028,0.00246232130551635,0.0,0.0,0.9811358635081499,0.008259722148371779,0.035247124350649556,0.001063881158839759
40196940.500834726,0.988548811776211,0.0025470350314585294,0.0,0.0,0.9818286945161963,0.009796591169604438,0.03290130962325175,0.0016729977421816866
40280467.445742905,0.9888011775252679,0.0012373921158443362,0.0,0.0,0.9796138332391351,0.01064447891787438,0.02940873621419103,0.0034308460879574417
40363994.390651084,0.9866098695642864,0.0015077440287436547,0.0,0.0,0.9798911097055939,0.011014694269605533,0.03137736837362169,0.0016107471999558447
40447521.335559264,0.987089253436272,0.0011634584734479768,0.0,0.0,0.9797371235957876,0.01107458959565114,0.03221570303430758,0.001898536577311954
40531048.28046745,0.9890307765334843,0.00037335429965446027,0.0,0.0,0.981139133189782,0.01062504458176102,0.029767240986315082,0.001941987112377162
40614575.22537563,0.9893515568424803,0.0007283474991085617,0.0,0.0,0.9784175439547718,0.014035531978680994,0.030128519325717047,0.0031244809983214743
40698102.17028381,0.9890785812411377,0.00044227810246778095,0.0,0.0,0.9792986768498739,0.013246628811686898,0.03337470903713812,0.003781457560362246
40781629.11519199,0.990429186023948,0.0011115391084934461,0.0,0.0,0.9798956623684641,0.012245529028594243,0.03543717843253975,0.005427385267297803
40865156.06010017,0.9897535712590768,0.0010732454861098484,0.0,0.0,0.980557921404297,0.011765693945621724,0.035889020146004307,0.006200701397778067
40948683.00500835,0.989670582055776,0.0003485582075619162,0.0,0.0,0.9820589355724169,0.010885122022920829,0.038304587903298236,0.005295389358060739
41032209.94991653,0.9886355134297418,0.0018008529409124046,0.0,0.0,0.9811197203672045,0.01074959165310892,0.035717720285545054,0.002866139506135775
41115736.894824706,0.9871743813478012,0.0029952582693990866,0.0,0.0,0.9800456782168693,0.010108944035820938,0.042020266828928184,0.004357870449608491
41199263.83973289,0.9875041177969922,0.0026704333997752076,0.0,0.0,0.9811361385286026,0.009583660039164131,0.03597831715027472,0.0034741037501209767
41282790.78464107,0.9879463405293395,0.0013714875382554385,0.0,0.0,0.9832438882012319,0.008875958764755717,0.034084528476860255,0.0036452244717907387
41366317.72954925,0.9895341999457082,0.0011868304452937522,0.0,0.0,0.9831764976312245,0.008860359351761823,0.03662413963549297,0.0027241797410173987
41449844.67445743,0.989052633826204,0.0009632270895893147,0.0,0.0,0.9841111650255708,0.008041725284369989,0.033253518052265445,0.003918294267021182
41533371.61936561,0.9908667531634948,0.0005708222430219159,0.0,0.0,0.9848748629287979,0.008070881425736082,0.030850517420698654,0.0009420590786438598
41616898.56427379,0.9896213513982167,0.002050649947014773,0.0,0.0,0.9854215580163334,0.007377938293422006,0.032641221135758944,0.003173965699150871
41700425.50918197,0.9892176655181091,0.0020839607594542913,0.0,0.0,0.9854747280323232,0.006091655195143556,0.03103064512028031,0.003395858561879613
41783952.45409015,0.9892918936002432,0.002654667104830382,0.0,0.0,0.9835202108146771,0.007671249350046379,0.03255016408653869,0.002586966744639613
41867479.398998335,0.9885276538860532,0.0023793276460338936,0.0,0.0,0.9840517342464792,0.0075667191030048585,0.029062161628175365,0.0005225782681170022
41951006.343906514,0.9896700420483211,0.001349604689628265,0.0,0.0,0.9864422188668728,0.006476915569873696,0.02672703449439867,0.0029404874840286348
42034533.28881469,0.9909238182917735,0.001548471833717065,0.0,0.0,0.9868057754431844,0.006479502188377092,0.026864628446461685,0.004127265849706309
42118060.23372287,0.9889396918435142,0.0017091380138357644,0.0,0.0,0.9871831342203099,0.0066761063199635845,0.02431295668958546,0.0021551889038254764
42201587.17863105,0.9894337592674097,0.001365543876944839,0.0,0.0,0.9854296343458232,0.005274338232488907,0.0200539973548044,0.0016639594863603084
42285114.12353923,0.9898553742819205,0.001469417878419529,0.0,0.0,0.9874485224563454,0.003922561568873024,0.01976606274056754,0.0019142799045428888
42368641.06844741,0.9881820203711283,0.0019109120405898772,0.0,0.0,0.9869493792925598,0.003260098510477074,0.021186622012130313,0.005586293531701536
42452168.01335559,0.9882297475021024,0.0029547652612369932,0.0,0.0,0.9862739961357035,0.002073938013607766,0.02121323950354352,0.0038669557950477148
42535694.95826378,0.9882710719465816,0.0027705730671550525,0.0,0.0,0.9865042392720255,0.0023120981770933077,0.0228029060212112,0.0028382018711128015
42619221.90317196,0.9879585595666279,0.0027386597304851546,0.0,0.0,0.9853575177069921,0.0025106476637270746,0.01813085296849404,0.0026626175487384092
42702748.848080136,0.9884374352773847,0.0014762326203536414,0.0,0.0,0.9859615642300903,0.0027106594081764907,0.01936584401203274,0.003886135723190287
42786275.792988315,0.9893111032722656,0.0012592270233295808,0.0,0.0,0.9858095903673805,0.0028681171977199865,0.021571015603785992,0.00312685112323488
42869802.737896495,0.9890809296621063,0.0019619256452891197,0.0,0.0,0.9858053266447099,0.003030811520206933,0.019995825164031616,0.0002554256080158292
42953329.682804674,0.9883158710142053,0.0022880624201393387,0.0,0.0,0.9868720933389143,0.0024317973585873285,0.019856821077115828,0.0009018980996642827
43036856.62771285,0.9893143600429047,0.0017570539320527412,0.0,0.0,0.9855326350371897,0.002110140984868924,0.021612473877297467,0.0014553675597927056
43120383.57262104,0.9895580896216981,0.001376368027664749,0.0,0.0,0.9839049794831437,0.0020839406804738897,0.027652873041403733,0.001243457816949853
43203910.51752922,0.987854443741806,0.001181843708375831,0.0,0.0,0.9855218663624857,0.0026238045688326455,0.027437656889900425,0.0029972071505845544
43287437.4624374,0.9892138118256177,0.0007894388340678263,0.0,0.0,0.9839982650724259,0.0062433769742668834,0.024888283870805234,0.004712232127985282
43370964.40734558,0.9878616733632238,0.0014381459206945293,0.0,0.0,0.9805855727697027,0.007343966473518496,0.023650235058125246,0.0038605719460931493
43454491.35225376,0.9870444574840541,0.0021757183244057025,0.0,0.0,0.9818003916898114,0.007426471130397554,0.023586906617421754,0.005251915808743491
43538018.29716194,0.987212414511884,0.0018556520671571754,0.0,0.0,0.9841056239346456,0.00564469612338732,0.02712265978485359,0.005065515674419402
43621545.242070116,0.9871307534765315,0.0016365593278098698,0.0,0.0,0.9831980135177609,0.006451972436108994,0.03091786475395042,0.004900352347462319
43705072.186978295,0.9871675314658961,0.001450728281631954,0.0,0.0,0.9827438039791754,0.007231020173313591,0.032932770348914765,0.006810582631250276
43788599.13188648,0.9885261771525911,0.00119922297408668,0.0,0.0,0.9825131178041495,0.00712480810573621,0.03123662486926045,0.00477743828016276
43872126.07679466,0.9892948835139013,0.001495855552562739,0.0,0.0,0.9819601640400034,0.006730828994044766,0.0293314867079644,0.0005539190548626148
43955653.02170284,0.9887888864096462,0.001855334151748668,0.0,0.0,0.9806127255118771,0.006069510631777468,0.02913938867116762,0.0018684543073670759
44039179.96661102,0.9888350958683954,0.0018409578275742535,0.0,0.0,0.9812813551450937,0.0062689554403824125,0.029022055511251376,0.002874485576244448
44122706.9115192,0.9860129262364746,0.0010275232972220473,0.0,0.0,0.9798218310473485,0.009508210182881779,0.02756220451946949,0.004010851569137689
44206233.85642738,0.9865596755315185,0.001210708727310854,0.0,0.0,0.9806051169331088,0.009507986748427563,0.02400004081696566,0.005010909233652254
44289760.80133556,0.9849102743472488,0.0006088826106420225,0.0,0.0,0.9827148874357574,0.007345813501393257,0.022944714403723348,0.004212550037473508
44373287.74624374,0.9851124141608811,0.0014327421099035642,0.0,0.0,0.9827244515241688,0.005890319043329732,0.026969495573716428,0.003398449752802556
44456814.691151924,0.9867163486892466,0.0016362333571765845,0.0,0.0,0.9813556172473316,0.005574050255416326,0.02951317586555118,0.0038004297430205966
44540341.636060104,0.9859524617709546,0.001989769350345537,0.0,0.0,0.9808335791418051,0.0068812396340314904,0.029873606411285596,0.003495750322079999
44623868.58096828,0.9878966664007794,0.0022680713572310416,0.0,0.0,0.9844860145234474,0.005437720961347517,0.029533525897024775,0.0030725261214268433
44707395.52587646,0.9860702575245305,0.0017944057575350935,0.0,0.0,0.9859619834824643,0.005460591945103394,0.028422981291398305,0.002533273775602926
44790922.47078464,0.9850730853544675,0.0029974949220944553,0.0,0.0,0.9866837882393167,0.0062583080685949186,0.03188185788151839,0.002891505101411134
44874449.41569282,0.9840898595055836,0.0028887659397135836,0.0,0.0,0.987205382416791,0.004899519750323817,0.02867640787594376,0.004284614829656275
44957976.360601,0.9865282691190584,0.0031214165878510796,0.0,0.0,0.9855423105595272,0.006113939652095977,0.031236455379987888,0.006430744959009516
45041503.30550918,0.9875868237021104,0.0031698306555352383,0.0,0.0,0.9848657655349103,0.007361271969677783,0.0354702359941038,0.01080543617779254
45125030.25041737,0.9869246206738195,0.003139678351828993,0.0,0.0,0.9863698538998902,0.006310127326119371,0.03823879243970806,0.013021961290751163
45208557.195325546,0.9874671454062881,0.003850314896167416,0.0,0.0,0.9874510809162932,0.005443236807320704,0.036643078237694464,0.007942217601984127
45292084.140233725,0.9896236622586126,0.00321345467666947,0.0,0.0,0.9879183205021134,0.004722590237773738,0.036941081200607295,0.0064831390830211505
45375611.085141905,0.9913439088141787,0.0027429233287779315,0.0,0.0,0.9874794241155743,0.00321893765486651,0.038205724517696146,0.0031629326275614713
45459138.030050084,0.9911278389037149,0.002138463174080951,0.0,0.0,0.988048326861468,0.0023999501602956475,0.031944907391846605,0.002077642885837975
45542664.97495826,0.9910283828305485,0.0024242369222644005,0.0,0.0,0.9876136266420246,0.0034638141024139436,0.032399326016545375,0.0030878306770323397
45626191.91986644,0.9914466815183381,0.0011987849531182137,0.0,0.0,0.9877411132849855,0.0040754421020271735,0.032273905516943084,0.005885144344477177
45709718.86477463,0.9900056109979154,0.0016717175101267057,0.0,0.0,0.9891440460912787,0.00361019834162598,0.03552095424145021,0.006820964964925954
45793245.80968281,0.9910069676760096,0.0009832866020717099,0.0,0.0,0.9887586745182299,0.003580326459101738,0.034976503075773976,0.006942638734215326
45876772.75459099,0.9907435352693187,0.0004403382885566325,0.0,0.0,0.9892330351117989,0.0030951095795294357,0.03554373677423888,0.008471141013349916
45960299.69949917,0.9891037977824184,0.001610073934699111,0.0,0.0,0.9892813649358269,0.0034634278314328464,0.04256792312060135,0.006189237205413258
46043826.64440735,0.9878858544333308,0.0013249437661051052,0.0,0.0,0.9893067642895748,0.004120700624472555,0.043511005247907,0.0029479366907007106
46127353.589315526,0.9893720486277998,0.0018391699642531928,0.0,0.0,0.9892464218630064,0.002980319051316471,0.04184381473105556,0.0026214668230043364
46210880.534223706,0.9884502558223817,0.0009965475289464537,0.0,0.0,0.9868153020932313,0.002083912579886487,0.04069466740573395,0.0028423963229853577
46294407.479131885,0.988517451203364,0.0017660638038049334,0.0,0.0,0.9863567636293792,0.003200595983577804,0.03904350247675409,0.003425953366571728
46377934.42404007,0.989023947839078,0.0010897349564699078,0.0,0.0,0.9862768212298265,0.003093282659265025,0.03824071764490325,0.005580039013075968
46461461.36894825,0.9887299569858242,0.0015993473836813526,0.0,0.0,0.9859183648327879,0.0028876845630712677,0.03694907543803676,0.006340058771545868
46544988.31385643,0.9896486770150495,0.0012085881271778425,0.0,0.0,0.9872086698176648,0.002042287240658941,0.04073349922223569,0.003541814725585878
46628515.25876461,0.9901090273218468,0.0005672236630186733,0.0,0.0,0.9860981913693379,0.002210344363509814,0.03976967780496397,0.0037011303053331437
46712042.20367279,0.9898068444125866,0.000302505231307045,0.0,0.0,0.9876564097579602,0.0014444145952040403,0.04075983027695706,0.011051581536943468
46795569.14858097,0.990923442319961,0.0006983017016527921,0.0,0.0,0.9882369843786666,0.0015743245465917844,0.04885830651547585,0.008804744903394822
46879096.09348915,0.9918849347421581,0.0010433101567010176,0.0,0.0,0.9870176613873607,0.001862377339452038,0.0490439091746205,0.011427546304602998
46962623.03839733,0.9910966935204377,0.0002743367620251321,0.0,0.0,0.9882169079982451,0.0008242994235823596,0.05435036187763521,0.009468798634583794
47046149.983305514,0.9901375946225,0.0012476833323176975,0.0,0.0,0.9867042104121778,0.0008718554400744121,0.060345899070971896,0.009838044747803979
47129676.92821369,0.9885060603390959,0.000964945403235799,0.0,0.0,0.9860965487839132,0.0014002349735991522,0.05377638839120833,0.007853752795839422
47213203.87312187,0.9883304691842348,0.0015580876115690715,0.0,0.0,0.985301204142556,0.0008354266119216428,0.04704232566168328,0.004533615871430094
47296730.81803005,0.9893630801751992,0.0015032958218930894,0.0,0.0,0.9841640175401661,0.0009000049903935152,0.04592942065906546,0.005138692212735404
47380257.76293823,0.9888110661569603,0.002163012810916637,0.0,0.0,0.9860447174492327,0.00102045473151304,0.041906196615781294,0.005175159536996723
47463784.70784641,0.9906251531693778,0.0010473255084762763,0.0,0.0,0.9841782927964867,0.0013004534790574576,0.040363877160087235,0.008772806239884705
47547311.65275459,0.9884132007227778,0.00010750938059978082,0.0,0.0,0.9869819384603685,0.0022169555899121704,0.045129059559916494,0.005714224052210492
47630838.59766277,0.9872424756016747,0.0001764357678489161,0.0,0.0,0.9883022712000336,0.0024874740825847363,0.04343436258608003,0.008558780844921428
47714365.542570956,0.9889817472169274,0.00014450172191118912,0.0,0.0,0.9890320024953935,0.002974443612449091,0.045840801032282934,0.010543885322296708
47797892.487479135,0.9898166987526595,0.0008528097121143636,0.0,0.0,0.9898010119606879,0.0018896727334256592,0.050414214128496095,0.012129825702880083
47881419.432387315,0.989153430238081,0.0017956118328077478,0.0,0.0,0.9876664874175246,0.0002813262602230662,0.04983178540068117,0.008714542896992361
47964946.377295494,0.9872444497236664,0.0017441964967134726,0.0,0.0,0.9857959004738369,0.0012278603878491132,0.049599881383480815,0.006747613769490497
48048473.32220367,0.9876118441286487,0.0013415536871934101,0.0,0.0,0.986588235413073,0.0014924928899578568,0.051568032234385636,0.007523501759253507
48132000.26711185,0.9880003755124385,0.00035754375582070023,0.0,0.0,0.9856148074390335,0.0024482683234617413,0.05112973745609297,0.003877521677289689
48215527.21202003,0.9888600991247478,0.002132928747502457,0.0,0.0,0.9865294873802068,0.0013493506786864107,0.05164477784527935,0.004736481866931319
48299054.15692822,0.9897582591751689,0.0017663095675886941,0.0,0.0,0.9856680406402151,0.0008260098546950793,0.04799507550938057,0.005433760994934919
48382581.1018364,0.988703799217951,0.0027287938101140286,0.0,0.0,0.9857294009153379,0.001329074623319112,0.0480733640581581,0.005170785817390609
48466108.04674458,0.9896406277643727,0.0022631913228115036,0.0,0.0,0.9855102954049041,0.002501676086250595,0.05413172308424744,0.004134607659701613
48549634.99165276,0.989260098936788,0.003185968040850743,0.0,0.0,0.9864108184684607,0.001617094408835462,0.056882878631647905,0.001390713836181949
48633161.936560936,0.99007976861109,0.0031736034002959575,0.0,0.0,0.9862462580027359,0.0012131226015499584,0.05459896731856554,0.0012796216691837144
48716688.881469116,0.9899150128530968,0.0011807912434360754,0.0,0.0,0.986261815683966,0.0021941466564392997,0.049344649272596096,0.0053263355310193584
48800215.826377295,0.988168046315498,0.00032227804210235557,0.0,0.0,0.984368148982615,0.0010030952453629076,0.045488108904118536,0.006389222339845398
48883742.771285474,0.9863055740597494,0.0009759397868159639,0.0,0.0,0.9829004672817514,0.002178758577576729,0.0450082974140367,0.004506268510883313
48967269.71619366,0.9859972291595861,0.002169245044580617,0.0,0.0,0.982726007271436,0.002367574908883286,0.04636082468338576,0.005118804360689856
49050796.66110184,0.9861421682664012,0.0023080974668491555,0.0,0.0,0.9834551271764106,0.003698301013973827,0.05045239449681227,0.006589762795909788
49134323.60601002,0.9877943607380733,0.0011914285577571688,0.0,0.0,0.9842480186413151,0.0030519467950233135,0.049724178170656774,0.00654340256590485
49217850.5509182,0.9892617254218393,0.002040052769308602,0.0,0.0,0.9859974924329028,0.0026357400696393704,0.04748073310239507,0.006270184295746595
49301377.49582638,0.989711282031481,0.002302357174153181,0.0,0.0,0.9864980062735692,0.002618187341854969,0.04987218053228143,0.006958139967790979
49384904.44073456,0.9884570999778871,0.00267629031877018,0.0,0.0,0.9868256742992049,0.0031324072879623656,0.044984558824176464,0.009052951946586297
49468431.38564274,0.9866523741286956,0.001180594055149131,0.0,0.0,0.9843750102892065,0.003710688865087032,0.038011990696954163,0.007989204558850644
49551958.33055092,0.9879379338780393,0.0005038067412027263,0.0,0.0,0.9844868278407173,0.003562263526691546,0.039359438384287855,0.007204558024331344
49635485.2754591,0.9877161687790433,0.0007984227559895274,0.0,0.0,0.9869711844385414,0.0032873730436747415,0.03923961403786288,0.010800969138493518
49719012.22036728,0.9864053433142707,0.0012131048241801328,0.0,0.0,0.989101507367142,0.0024654717240430294,0.036544127589321,0.008599053155527201
49802539.16527546,0.9859084348675475,0.0016054416291569013,0.0,0.0,0.988753832155192,0.0008503367373365289,0.03274521109829865,0.0069303783773934985
49886066.11018364,0.9845267361376625,0.00053947352153989,0.0,0.0,0.9890276250898272,0.0010986484628424922,0.03815918267891175,0.009741697846801742
49969593.05509182,0.9860585555519835,0.0022476930935207474,0.0,0.0,0.9890866048770489,0.0015445984052342209,0.05132503156948465,0.005258002787166313
50053120.0,0.9879605087753086,0.0017221364422112745,0.0,0.0,0.9895492814619137,0.0009744666659880193,0.04530109456440486,0.0038781486976334286
