t,success,grasped,has_collided,joint_jerks,proprioception,trial time
0,False,False,False,1.5520339969342172,[-0.012  0.235  0.015 -2.115 -0.009  2.329  0.811  0.001 -0.001 -0.     0.002  0.     0.    -0.   ],
1,False,False,False,3.967002101496507,[-0.012  0.235  0.015 -2.115 -0.009  2.329  0.811  0.     0.    -0.    -0.001  0.     0.     0.001],
2,False,False,False,43.57201693777855,[-0.014  0.236  0.016 -2.115 -0.009  2.33   0.811 -0.046  0.008  0.032 -0.002 -0.02   0.036 -0.004],
3,False,False,False,45.28716930183277,[-0.015  0.237  0.017 -2.115 -0.009  2.332  0.811 -0.037  0.027  0.032 -0.003 -0.02   0.052  0.005],
4,False,False,False,26.84211607125148,[-0.017  0.239  0.019 -2.116 -0.01   2.334  0.811 -0.044  0.032  0.031 -0.009 -0.014  0.035  0.001],
5,False,False,False,23.23779011260621,[-0.018  0.241  0.02  -2.116 -0.01   2.335  0.811 -0.045  0.045  0.041  0.001 -0.013  0.048 -0.   ],
6,False,False,False,44.12806491582768,[-0.02   0.243  0.022 -2.116 -0.011  2.337  0.811 -0.063  0.031  0.009 -0.019 -0.046  0.073  0.001],
7,False,False,False,77.01210808312861,[-0.022  0.245  0.023 -2.116 -0.012  2.339  0.811 -0.008  0.061  0.03   0.002 -0.049  0.047 -0.002],
8,False,False,False,82.55378866199959,[-0.024  0.247  0.024 -2.116 -0.012  2.341  0.811 -0.056  0.043  0.037  0.     0.008  0.032  0.001],
9,False,False,False,64.18026554879788,[-0.026  0.248  0.025 -2.116 -0.012  2.342  0.811 -0.042  0.031  0.024 -0.003 -0.007  0.044 -0.   ],
10,False,False,False,24.236697178669544,[-0.027  0.25   0.027 -2.116 -0.013  2.344  0.811 -0.035  0.046  0.033  0.001 -0.014  0.048 -0.   ],
11,False,False,False,17.51684743443592,[-0.029  0.252  0.028 -2.116 -0.013  2.346  0.811 -0.042  0.046  0.03  -0.    -0.012  0.043  0.001],
12,False,False,False,7.967139690880045,[-0.031  0.254  0.029 -2.116 -0.014  2.347  0.811 -0.042  0.046  0.033 -0.005 -0.016  0.04   0.001],
13,False,False,False,4.322233881812698,[-0.032  0.255  0.031 -2.116 -0.015  2.349  0.811 -0.046  0.044  0.038 -0.011 -0.019  0.04   0.001],
14,False,False,False,12.755495954662319,[-0.035  0.257  0.032 -2.116 -0.015  2.351  0.811 -0.046  0.04   0.029 -0.006 -0.018  0.043  0.   ],
15,False,False,False,9.173348269872614,[-0.036  0.259  0.034 -2.117 -0.016  2.353  0.811 -0.046  0.04   0.031 -0.    -0.018  0.039  0.001],
16,False,False,False,7.138622425782122,[-0.038  0.261  0.035 -2.117 -0.016  2.355  0.811 -0.041  0.039  0.031 -0.002 -0.017  0.04  -0.001],
17,False,False,False,6.7586175462735705,[-0.039  0.263  0.036 -2.117 -0.017  2.356  0.811 -0.038  0.04   0.025 -0.005 -0.01   0.039  0.   ],
18,False,False,False,15.322976599059986,[-0.04   0.264  0.037 -2.117 -0.017  2.358  0.811 -0.038  0.037  0.034 -0.011 -0.012  0.052 -0.006],
19,False,False,False,23.862130352821776,[-0.043  0.266  0.038 -2.117 -0.018  2.36   0.811 -0.036  0.045  0.028 -0.    -0.014  0.038 -0.   ],
20,False,False,False,16.363106720540962,[-0.044  0.268  0.039 -2.117 -0.018  2.362  0.811 -0.037  0.047  0.025 -0.009 -0.014  0.039  0.001],
21,False,False,False,11.248986485421854,[-0.046  0.27   0.041 -2.117 -0.019  2.364  0.811 -0.043  0.042  0.034 -0.007 -0.01   0.04  -0.001],
22,False,False,False,53.24020181635425,[-0.048  0.272  0.042 -2.118 -0.02   2.365  0.811 -0.083  0.108  0.02   0.017 -0.006  0.052  0.   ],
23,False,False,False,101.30886518229322,[-0.049  0.273  0.043 -2.118 -0.02   2.367  0.811 -0.043  0.044  0.025 -0.003 -0.021  0.044  0.   ],
24,False,False,False,53.27520729832107,[-0.051  0.275  0.044 -2.118 -0.021  2.369  0.811 -0.035  0.044  0.023  0.007 -0.002  0.051  0.001],
25,False,False,False,24.372891217558614,[-0.052  0.277  0.045 -2.118 -0.021  2.371  0.811 -0.026  0.041  0.019  0.002 -0.009  0.034 -0.001],
26,False,False,False,19.631072692562263,[-0.053  0.279  0.046 -2.118 -0.022  2.373  0.811 -0.027  0.045  0.027 -0.    -0.011  0.041  0.001],
27,False,False,False,82.28281364831173,[-0.054  0.28   0.047 -2.119 -0.022  2.375  0.811 -0.025 -0.061  0.009 -0.054 -0.044  0.023  0.   ],
28,False,False,False,154.33573683178804,[-0.055  0.282  0.048 -2.119 -0.023  2.376  0.811 -0.01   0.045  0.015 -0.002 -0.026  0.034  0.   ],
29,False,False,False,79.20050280074626,[-0.056  0.284  0.048 -2.119 -0.023  2.378  0.811 -0.02   0.041  0.021 -0.004 -0.012  0.047  0.001],
30,False,False,False,15.23185143409219,[-0.058  0.286  0.049 -2.119 -0.024  2.38   0.811 -0.036  0.045  0.028 -0.003 -0.014  0.046 -0.   ],
31,False,False,False,13.301471060315214,[-0.06   0.288  0.051 -2.119 -0.024  2.382  0.811 -0.037  0.045  0.021 -0.    -0.013  0.044  0.001],
32,False,False,False,12.978759800911803,[-0.061  0.289  0.051 -2.119 -0.025  2.383  0.811 -0.038  0.039  0.026 -0.012 -0.019  0.044 -0.   ],
33,False,False,False,66.06874026738694,[-0.062  0.291  0.052 -2.12  -0.026  2.385  0.811 -0.028  0.116  0.027  0.025 -0.051  0.074 -0.004],
34,False,False,False,121.96566773856672,[-0.064  0.292  0.053 -2.12  -0.026  2.387  0.811 -0.05   0.049  0.026  0.003  0.006  0.038  0.004],
35,False,False,False,65.13625831450217,[-0.066  0.295  0.055 -2.12  -0.027  2.389  0.811 -0.02   0.022  0.014 -0.015 -0.012  0.025 -0.   ],
36,False,False,False,49.27712467227227,[-0.067  0.296  0.056 -2.12  -0.028  2.391  0.811 -0.046  0.028  0.02  -0.015 -0.015  0.044  0.   ],
37,False,False,False,31.55958233303217,[-0.069  0.298  0.057 -2.121 -0.028  2.392  0.811 -0.033  0.052  0.017  0.001 -0.012  0.044 -0.001],
38,False,False,False,31.780964184297506,[-0.07   0.299  0.058 -2.121 -0.029  2.394  0.811 -0.038  0.04   0.031 -0.008 -0.016  0.04   0.001],
39,False,False,False,19.408136178074724,[-0.072  0.301  0.059 -2.121 -0.03   2.396  0.811 -0.025  0.035  0.027 -0.006 -0.01   0.032  0.002],
40,False,False,False,26.193371059285223,[-0.073  0.302  0.06  -2.121 -0.03   2.398  0.811 -0.039  0.039  0.03  -0.004 -0.013  0.051  0.   ],
41,False,False,False,17.066543613488637,[-0.075  0.304  0.061 -2.122 -0.031  2.4    0.811 -0.038  0.036  0.026 -0.007 -0.016  0.05   0.001],
42,False,False,False,4.257288661365685,[-0.076  0.306  0.062 -2.122 -0.031  2.401  0.811 -0.038  0.04   0.024 -0.01  -0.018  0.05   0.   ],
43,False,False,False,8.038823444472554,[-0.078  0.307  0.063 -2.122 -0.032  2.403  0.811 -0.035  0.041  0.021 -0.01  -0.009  0.048  0.001],
44,False,False,False,14.930749019805258,[-0.079  0.309  0.064 -2.123 -0.033  2.405  0.811 -0.038  0.033  0.024 -0.011 -0.019  0.049 -0.001],
45,False,False,False,17.25536523934243,[-0.08   0.311  0.065 -2.123 -0.033  2.407  0.811 -0.03   0.043  0.018 -0.008 -0.015  0.044 -0.001],
46,False,False,False,11.479573175968655,[-0.081  0.313  0.065 -2.123 -0.034  2.409  0.811 -0.021  0.041  0.008 -0.004 -0.013  0.051 -0.001],
47,False,False,False,19.783723708265452,[-0.083  0.314  0.066 -2.123 -0.034  2.411  0.811 -0.032  0.038  0.02  -0.004 -0.011  0.051  0.001],
48,False,False,False,19.526960472014657,[-0.083  0.316  0.067 -2.124 -0.035  2.413  0.811 -0.02   0.039  0.012 -0.002 -0.011  0.045  0.001],
49,False,False,False,12.938709606329045,[-0.084  0.318  0.067 -2.124 -0.035  2.415  0.811 -0.025  0.04   0.011 -0.001 -0.007  0.048 -0.001],
50,False,False,False,11.492666425449583,[-0.085  0.32   0.067 -2.124 -0.036  2.417  0.811 -0.015  0.04   0.01  -0.007 -0.012  0.051  0.001],
51,False,False,False,7.185918415462474,[-0.086  0.322  0.068 -2.124 -0.036  2.418  0.811 -0.014  0.043  0.01  -0.009 -0.013  0.05  -0.   ],
52,False,False,False,5.743208539174517,[-0.087  0.324  0.068 -2.124 -0.037  2.42   0.811 -0.016  0.046  0.014 -0.008 -0.009  0.05   0.001],
53,False,False,False,6.933278146277046,[-0.088  0.325  0.069 -2.125 -0.037  2.422  0.811 -0.02   0.045  0.008 -0.006 -0.005  0.053  0.001],
54,False,False,False,10.093695924661858,[-0.088  0.327  0.069 -2.125 -0.037  2.424  0.811 -0.023  0.042  0.007 -0.007 -0.013  0.045  0.   ],
55,False,False,False,9.466912888860389,[-0.09   0.329  0.07  -2.125 -0.038  2.426  0.811 -0.027  0.036  0.017 -0.006 -0.012  0.045  0.001],
56,False,False,False,17.434585078280605,[-0.09   0.33   0.07  -2.125 -0.038  2.428  0.811 -0.019  0.042  0.005 -0.004 -0.01   0.049  0.001],
57,False,False,False,11.461097476792093,[-0.091  0.332  0.071 -2.126 -0.039  2.43   0.811 -0.019  0.046  0.008 -0.004 -0.01   0.046  0.001],
58,False,False,False,6.010641540355401,[-0.092  0.334  0.071 -2.126 -0.039  2.432  0.811 -0.016  0.045  0.013 -0.01  -0.015  0.045 -0.001],
59,False,False,False,13.492552034811794,[-0.093  0.336  0.072 -2.126 -0.04   2.434  0.811 -0.023  0.046  0.014 -0.005 -0.005  0.046  0.001],
60,False,False,False,10.536810084840564,[-0.094  0.338  0.072 -2.127 -0.04   2.436  0.811 -0.024  0.04   0.009 -0.003 -0.008  0.044 -0.   ],
61,False,False,False,8.52586177920126,[-0.094  0.339  0.072 -2.127 -0.041  2.438  0.811 -0.019  0.04   0.011 -0.003 -0.014  0.049 -0.001],
62,False,False,False,11.56324248097404,[-0.095  0.341  0.073 -2.127 -0.041  2.44   0.811 -0.02   0.041  0.012 -0.005 -0.008  0.042  0.001],
63,False,False,False,9.280714275328545,[-0.096  0.343  0.073 -2.128 -0.041  2.441  0.811 -0.017  0.041  0.01  -0.01  -0.008  0.046  0.   ],
64,False,False,False,9.163847123927768,[-0.096  0.344  0.074 -2.128 -0.042  2.443  0.811 -0.017  0.036  0.009 -0.005 -0.007  0.042  0.001],
65,False,False,False,10.873851718347781,[-0.097  0.346  0.074 -2.128 -0.042  2.446  0.811 -0.016  0.039  0.009 -0.012 -0.012  0.045  0.   ],
66,False,False,False,11.052918951265026,[-0.098  0.348  0.074 -2.129 -0.043  2.447  0.811 -0.02   0.041  0.003 -0.005 -0.011  0.045  0.   ],
67,False,False,False,15.5504878729516,[-0.099  0.35   0.075 -2.129 -0.043  2.449  0.811 -0.014  0.029  0.004 -0.014 -0.009  0.041 -0.001],
68,False,False,False,21.870674302246222,[-0.099  0.351  0.075 -2.129 -0.043  2.451  0.811 -0.011  0.046  0.011 -0.01  -0.003  0.051 -0.   ],
69,False,False,False,16.921349044453944,[-0.099  0.353  0.075 -2.13  -0.044  2.453  0.811 -0.014  0.041  0.006 -0.011 -0.004  0.055  0.001],
70,False,False,False,10.508808961689695,[-0.1    0.355  0.075 -2.13  -0.044  2.455  0.811 -0.016  0.039  0.008 -0.01  -0.002  0.044  0.   ],
71,False,False,False,12.955847816705388,[-0.1    0.356  0.075 -2.13  -0.044  2.457  0.811 -0.013  0.039  0.001 -0.011 -0.009  0.048  0.001],
72,False,False,False,13.08308417747692,[-0.101  0.358  0.076 -2.131 -0.045  2.459  0.811 -0.018  0.044  0.009 -0.004 -0.01   0.048 -0.   ],
73,False,False,False,11.716597425122808,[-0.102  0.36   0.076 -2.131 -0.045  2.461  0.811 -0.014  0.049  0.004 -0.008 -0.011  0.045 -0.001],
74,False,False,False,12.36405403926591,[-0.102  0.362  0.076 -2.131 -0.046  2.463  0.811 -0.018  0.041  0.007 -0.01  -0.003  0.049  0.   ],
75,False,False,False,12.328452777555107,[-0.103  0.364  0.076 -2.132 -0.046  2.465  0.811 -0.012  0.039  0.002 -0.008 -0.009  0.053  0.001],
76,False,False,False,10.262981482558434,[-0.103  0.366  0.076 -2.132 -0.046  2.467  0.811 -0.013  0.042 -0.    -0.007 -0.013  0.042 -0.001],
77,False,False,False,11.209640278499801,[-0.104  0.367  0.076 -2.132 -0.047  2.469  0.811 -0.011  0.042  0.001 -0.005 -0.012  0.049 -0.   ],
78,False,False,False,11.33778626915055,[-0.104  0.369  0.077 -2.132 -0.047  2.471  0.811 -0.017  0.045  0.014 -0.013 -0.009  0.051  0.001],
79,False,False,False,18.190889551878676,[-0.105  0.371  0.077 -2.133 -0.048  2.473  0.811 -0.015  0.039  0.009 -0.003 -0.013  0.049  0.   ],
80,False,False,False,14.261188022648911,[-0.106  0.373  0.077 -2.133 -0.048  2.475  0.811 -0.023  0.049  0.008 -0.004 -0.011  0.051  0.001],
81,False,False,False,16.449293918504473,[-0.106  0.374  0.078 -2.133 -0.048  2.476  0.811 -0.016  0.042  0.004 -0.009 -0.006  0.043  0.001],
82,False,False,False,13.961951890487313,[-0.107  0.376  0.078 -2.133 -0.049  2.478  0.811 -0.016  0.044  0.001 -0.008 -0.006  0.052 -0.001],
83,False,False,False,9.274784954077017,[-0.107  0.378  0.078 -2.134 -0.049  2.481  0.811 -0.01   0.045 -0.    -0.011 -0.006  0.048  0.001],
84,False,False,False,6.468074982917196,[-0.108  0.38   0.078 -2.134 -0.049  2.483  0.811 -0.009  0.043 -0.003 -0.01  -0.009  0.051  0.001],
85,False,False,False,10.515146454668127,[-0.108  0.382  0.078 -2.134 -0.05   2.485  0.811 -0.012  0.045  0.004  0.001 -0.003  0.056  0.001],
86,False,False,False,14.825607846039139,[-0.108  0.384  0.078 -2.135 -0.05   2.486  0.811 -0.004  0.052  0.002  0.    -0.003  0.047 -0.001],
87,False,False,False,15.57290399266232,[-0.108  0.386  0.078 -2.135 -0.05   2.489  0.811 -0.003  0.044 -0.004 -0.006  0.001  0.056 -0.001],
88,False,False,False,19.41395701749024,[-0.108  0.388  0.078 -2.135 -0.051  2.491  0.811 -0.008  0.045  0.001 -0.013 -0.008  0.04  -0.001],
89,False,False,False,27.072854286604716,[-0.109  0.389  0.078 -2.136 -0.051  2.493  0.811 -0.006  0.065  0.003  0.003  0.002  0.048  0.003],
90,False,False,False,33.128294091810375,[-0.109  0.391  0.078 -2.136 -0.051  2.495  0.811 -0.007  0.043  0.    -0.008 -0.005  0.05   0.001],
91,False,False,False,70.77834807940113,[-0.109  0.393  0.077 -2.136 -0.051  2.496  0.811 -0.008  0.12  -0.006  0.036 -0.01   0.038 -0.002],
92,False,False,False,109.01289148987608,[-0.109  0.395  0.077 -2.136 -0.052  2.498  0.811 -0.007  0.047 -0.003 -0.005 -0.007  0.049  0.008],
93,False,False,False,49.5486137645955,[-0.11   0.397  0.077 -2.137 -0.052  2.501  0.811 -0.     0.038 -0.004 -0.004 -0.008  0.053  0.005],
94,False,False,False,14.089875382388893,[-0.11   0.398  0.077 -2.137 -0.052  2.503  0.811 -0.008  0.041  0.002 -0.002 -0.004  0.048  0.001],
95,False,False,False,11.886047567513158,[-0.11   0.4    0.077 -2.137 -0.052  2.504  0.811 -0.007  0.041 -0.    -0.007 -0.009  0.048 -0.001],
96,False,False,False,26.54814136302805,[-0.11   0.402  0.077 -2.137 -0.053  2.506  0.811 -0.005  0.071 -0.001  0.015 -0.006  0.038  0.   ],
97,False,False,False,42.900723186144724,[-0.11   0.404  0.077 -2.138 -0.053  2.509  0.811 -0.005  0.051 -0.005 -0.006 -0.003  0.048  0.001],
98,False,False,False,18.633308091929656,[-0.11   0.406  0.077 -2.138 -0.053  2.51   0.811 -0.005  0.047 -0.002 -0.002 -0.002  0.057 -0.001],
99,False,False,False,13.980883130347273,[-0.111  0.408  0.077 -2.138 -0.053  2.512  0.811 -0.006  0.035  0.007 -0.002 -0.01   0.049 -0.001],
100,False,False,False,19.614206801625198,[-0.111  0.41   0.077 -2.138 -0.054  2.515  0.811 -0.007  0.042 -0.003 -0.009 -0.018  0.056 -0.001],
101,False,False,False,15.11600634881053,[-0.111  0.412  0.077 -2.139 -0.054  2.516  0.811 -0.008  0.047 -0.004 -0.005 -0.011  0.05   0.001],
102,False,False,False,8.522587714804088,[-0.111  0.413  0.077 -2.139 -0.054  2.518  0.811 -0.002  0.046 -0.003 -0.007 -0.005  0.053  0.001],
103,False,False,False,5.602608714391837,[-0.112  0.415  0.077 -2.139 -0.054  2.52   0.811 -0.001  0.04  -0.001 -0.011  0.     0.06   0.001],
104,False,False,False,16.049318815933944,[-0.111  0.418  0.077 -2.139 -0.055  2.523  0.811  0.001  0.041 -0.006 -0.014 -0.005  0.045  0.001],
105,False,False,False,15.575607513525734,[-0.111  0.419  0.076 -2.14  -0.055  2.525  0.811 -0.001  0.049 -0.009 -0.007 -0.003  0.051  0.   ],
106,False,False,False,10.078335734808228,[-0.111  0.421  0.076 -2.14  -0.055  2.527  0.811  0.005  0.047 -0.007 -0.007 -0.007  0.055  0.001],
107,False,False,False,11.18511681971005,[-0.111  0.423  0.076 -2.14  -0.055  2.529  0.811 -0.     0.045 -0.009 -0.01  -0.004  0.049 -0.001],
108,False,False,False,6.193142966636223,[-0.111  0.425  0.075 -2.14  -0.055  2.531  0.811  0.001  0.046 -0.01  -0.007 -0.004  0.044 -0.001],
109,False,False,False,7.376794616869406,[-0.111  0.427  0.075 -2.141 -0.055  2.533  0.811 -0.001  0.047 -0.008 -0.006 -0.004  0.049  0.001],
110,False,False,False,6.879194922206717,[-0.111  0.429  0.075 -2.141 -0.056  2.535  0.811 -0.     0.043 -0.009 -0.002 -0.008  0.047  0.001],
111,False,False,False,12.078072894895202,[-0.111  0.431  0.075 -2.141 -0.056  2.537  0.811  0.001  0.048 -0.005 -0.002 -0.     0.055  0.   ],
112,False,False,False,11.54070391659359,[-0.111  0.432  0.074 -2.141 -0.056  2.539  0.811  0.006  0.048 -0.006 -0.01  -0.     0.052 -0.001],
113,False,False,False,13.128320613004513,[-0.111  0.434  0.074 -2.142 -0.056  2.541  0.811 -0.003  0.041 -0.006 -0.005 -0.006  0.054 -0.002],
114,False,False,False,11.38126638488244,[-0.111  0.436  0.074 -2.142 -0.056  2.543  0.811 -0.001  0.045 -0.003 -0.006 -0.007  0.054 -0.   ],
115,False,False,False,12.00118484881408,[-0.111  0.439  0.073 -2.142 -0.056  2.545  0.811 -0.001  0.047 -0.009 -0.    -0.001  0.041 -0.001],
116,False,False,False,17.17437370735074,[-0.111  0.441  0.073 -2.142 -0.056  2.547  0.811  0.     0.047 -0.011 -0.005 -0.002  0.053  0.001],
117,False,False,False,14.945335504072101,[-0.111  0.442  0.073 -2.142 -0.056  2.549  0.811  0.001  0.049 -0.003 -0.    -0.005  0.044 -0.001],
118,False,False,False,12.719658690467098,[-0.111  0.444  0.073 -2.142 -0.057  2.551  0.811 -0.002  0.051 -0.005  0.    -0.008  0.053 -0.   ],
119,False,False,False,14.955892578692222,[-0.111  0.446  0.072 -2.142 -0.057  2.553  0.811  0.003  0.048 -0.012 -0.    -0.008  0.042 -0.001],
120,False,False,False,13.612757499151385,[-0.11   0.448  0.072 -2.143 -0.057  2.555  0.811  0.009  0.043 -0.008 -0.001 -0.001  0.047  0.001],
121,False,False,False,14.091630728572307,[-0.11   0.45   0.072 -2.143 -0.057  2.557  0.811  0.002  0.052 -0.007 -0.002 -0.001  0.047  0.   ],
122,False,False,False,37.20522077945145,[-0.11   0.453  0.071 -2.143 -0.057  2.559  0.811  0.002  0.081 -0.006 -0.002  0.002  0.102  0.001],
123,False,False,False,80.26781738464834,[-0.109  0.454  0.071 -2.143 -0.057  2.561  0.811  0.017  0.046 -0.011 -0.012 -0.009  0.049 -0.   ],
124,False,False,False,47.19248066259658,[-0.109  0.456  0.07  -2.143 -0.057  2.563  0.811  0.005  0.043 -0.006 -0.007 -0.     0.052  0.   ],
125,False,False,False,13.422581640023562,[-0.109  0.458  0.07  -2.144 -0.057  2.565  0.811  0.004  0.045 -0.013 -0.     0.001  0.045  0.001],
126,False,False,False,31.919312240310955,[-0.108  0.46   0.07  -2.143 -0.057  2.567  0.811  0.001  0.026 -0.    -0.022  0.003  0.068 -0.001],
127,False,False,False,45.39778954102981,[-0.108  0.462  0.069 -2.144 -0.057  2.569  0.811  0.009  0.023 -0.013 -0.012 -0.017  0.039 -0.001],
128,False,False,False,44.77054890195624,[-0.108  0.464  0.069 -2.144 -0.057  2.571  0.811  0.     0.056 -0.015 -0.001  0.005  0.051 -0.001],
129,False,False,False,33.48975588554414,[-0.108  0.466  0.068 -2.144 -0.057  2.573  0.811  0.003  0.049 -0.013 -0.003  0.     0.045  0.001],
130,False,False,False,10.388021578052992,[-0.107  0.468  0.068 -2.144 -0.057  2.575  0.811  0.01   0.053 -0.011 -0.002  0.     0.051  0.002],
131,False,False,False,14.623489441153335,[-0.107  0.47   0.068 -2.144 -0.057  2.577  0.811  0.004  0.05  -0.001  0.002  0.     0.039 -0.   ],
132,False,False,False,21.478175562388163,[-0.107  0.472  0.067 -2.144 -0.057  2.579  0.811  0.009  0.049 -0.01  -0.     0.     0.054  0.001],
133,False,False,False,17.091015866954482,[-0.107  0.474  0.067 -2.144 -0.057  2.581  0.811  0.     0.046 -0.007 -0.     0.     0.048  0.   ],
134,False,False,False,21.243035952901778,[-0.106  0.476  0.067 -2.144 -0.057  2.583  0.811  0.008  0.065 -0.009  0.017  0.012  0.046 -0.   ],
135,False,True,False,65.43302689254853,[-0.106  0.481  0.066 -2.145 -0.057  2.588  0.811  0.     0.     0.001  0.001 -0.     0.    -0.001],
136,False,True,False,51.54099105855947,[-0.106  0.481  0.066 -2.145 -0.057  2.588  0.811 -0.001 -0.     0.001  0.    -0.     0.     0.   ],
137,False,True,False,33.41550768734472,[-0.106  0.48   0.066 -2.145 -0.057  2.587  0.811 -0.012  0.047  0.006  0.01  -0.009 -0.016 -0.001],
138,False,True,False,137.75882292610044,[-0.106  0.477  0.066 -2.147 -0.057  2.586  0.811  0.005 -0.104 -0.011 -0.062 -0.006 -0.065 -0.   ],
139,False,True,False,213.59473053772376,[-0.105  0.476  0.066 -2.148 -0.057  2.585  0.811  0.005  0.028 -0.003  0.042  0.011 -0.048  0.001],
140,False,True,False,125.87177745466624,[-0.105  0.475  0.066 -2.148 -0.056  2.584  0.811  0.01   0.031 -0.007 -0.006  0.016 -0.012  0.001],
141,False,True,False,71.27680714421712,[-0.104  0.473  0.066 -2.149 -0.056  2.583  0.811  0.001 -0.053 -0.009 -0.013 -0.004 -0.031 -0.001],
142,False,True,False,74.06952484703706,[-0.104  0.471  0.066 -2.15  -0.056  2.582  0.811  0.008 -0.028 -0.001  0.002  0.01  -0.031 -0.   ],
143,False,True,False,38.93918067369538,[-0.104  0.469  0.066 -2.15  -0.055  2.581  0.811  0.014 -0.052  0.003 -0.018  0.007 -0.032  0.   ],
144,False,True,False,42.82260041196698,[-0.103  0.468  0.065 -2.151 -0.055  2.58   0.811  0.009 -0.024  0.001  0.002  0.015 -0.042  0.001],
145,False,True,False,38.86247918933924,[-0.103  0.466  0.065 -2.152 -0.055  2.578  0.81   0.006 -0.033  0.003 -0.014  0.012 -0.022 -0.007],
146,False,True,False,23.234292576139822,[-0.103  0.464  0.065 -2.152 -0.055  2.577  0.81   0.007 -0.048 -0.004 -0.019  0.001 -0.03  -0.002],
147,False,True,False,37.89607634294428,[-0.102  0.462  0.065 -2.153 -0.054  2.576  0.81  -0.008 -0.015 -0.002  0.001 -0.001 -0.023 -0.003],
148,False,True,False,45.050431275644115,[-0.102  0.461  0.065 -2.154 -0.054  2.575  0.81   0.009 -0.037  0.003 -0.01   0.002 -0.029  0.001],
149,False,True,False,18.289991182511383,[-0.102  0.459  0.065 -2.154 -0.053  2.574  0.81   0.006 -0.043 -0.001 -0.015  0.011 -0.029  0.001],
150,False,True,False,11.12301626688039,[-0.101  0.457  0.065 -2.155 -0.053  2.573  0.81   0.01  -0.039 -0.001 -0.018  0.01  -0.026  0.001],
151,False,True,False,10.378570392276504,[-0.101  0.455  0.065 -2.156 -0.053  2.571  0.81   0.013 -0.041  0.    -0.015  0.005 -0.035  0.   ],
152,False,True,False,10.972834702272227,[-0.1    0.453  0.065 -2.156 -0.052  2.57   0.81   0.009 -0.039 -0.002 -0.021  0.006 -0.034 -0.001],
153,False,True,False,9.172993945902183,[-0.1    0.452  0.065 -2.157 -0.052  2.569  0.81   0.008 -0.043 -0.002 -0.017  0.014 -0.032 -0.001],
154,False,True,False,17.091634286805398,[-0.099  0.45   0.065 -2.158 -0.052  2.568  0.81   0.013 -0.024  0.003 -0.014  0.014 -0.023  0.   ],
155,False,True,False,27.64819177497103,[-0.099  0.448  0.065 -2.159 -0.051  2.567  0.811  0.011 -0.043  0.003 -0.02   0.002 -0.026  0.   ],
156,False,True,False,48.143501974877296,[-0.099  0.446  0.064 -2.159 -0.051  2.565  0.811  0.011 -0.119 -0.013 -0.059  0.007 -0.062 -0.001],
157,False,True,False,83.99248324129833,[-0.099  0.446  0.064 -2.159 -0.051  2.565  0.81  -0.001 -0.1   -0.001 -0.042  0.02  -0.03  -0.006],
158,False,True,False,45.17342745944564,[-0.098  0.442  0.064 -2.161 -0.05   2.563  0.81   0.009 -0.029 -0.003 -0.011  0.007 -0.027  0.   ],
159,False,True,False,54.90096997056856,[-0.098  0.441  0.064 -2.161 -0.05   2.562  0.81   0.011 -0.037 -0.002 -0.01   0.009 -0.033 -0.   ],
160,False,True,False,40.507863098403845,[-0.097  0.439  0.064 -2.162 -0.05   2.561  0.81   0.005 -0.091 -0.008 -0.041 -0.019 -0.033 -0.002],
161,False,True,False,77.32988516059267,[-0.097  0.437  0.064 -2.163 -0.049  2.56   0.81   0.004 -0.039 -0.004 -0.031 -0.008 -0.009 -0.002],
162,False,True,False,44.88146121523825,[-0.096  0.436  0.064 -2.163 -0.049  2.558  0.81   0.008 -0.04  -0.002 -0.01   0.004 -0.031  0.001],
163,False,True,False,53.87682200380901,[-0.096  0.434  0.064 -2.164 -0.049  2.557  0.81   0.013 -0.081 -0.006 -0.052  0.002 -0.013  0.001],
164,False,True,False,63.39607008538957,[-0.096  0.432  0.064 -2.165 -0.048  2.556  0.81   0.017 -0.055 -0.009 -0.026  0.003 -0.025 -0.002],
165,False,True,False,20.063741101842766,[-0.095  0.43   0.064 -2.165 -0.048  2.555  0.81   0.01  -0.047  0.001 -0.014  0.011 -0.029 -0.   ],
166,False,True,False,15.01559239619859,[-0.095  0.429  0.063 -2.166 -0.048  2.553  0.81   0.011 -0.041 -0.005 -0.012  0.008 -0.024  0.001],
167,False,True,False,9.978946423172065,[-0.094  0.427  0.063 -2.166 -0.047  2.552  0.81   0.007 -0.043 -0.005 -0.016  0.004 -0.03   0.001],
168,False,True,False,7.630731902408986,[-0.094  0.425  0.063 -2.167 -0.047  2.551  0.81   0.009 -0.041 -0.004 -0.015  0.006 -0.028  0.   ],
169,False,True,False,6.0884940195205255,[-0.094  0.423  0.063 -2.168 -0.047  2.55   0.81   0.005 -0.044 -0.001 -0.02   0.006 -0.032  0.   ],
170,False,True,False,21.79052503497023,[-0.093  0.421  0.063 -2.168 -0.046  2.548  0.81   0.002 -0.067 -0.005 -0.025 -0.012 -0.056 -0.003],
171,False,True,False,52.684067411907165,[-0.093  0.42   0.063 -2.169 -0.046  2.547  0.81   0.014 -0.045 -0.    -0.01   0.012 -0.029  0.001],
172,False,True,False,27.108589567297464,[-0.092  0.418  0.063 -2.17  -0.046  2.546  0.81   0.005 -0.039 -0.001 -0.012  0.015 -0.023 -0.001],
173,False,True,False,52.72709796608064,[-0.092  0.416  0.063 -2.17  -0.045  2.545  0.81   0.006 -0.107  0.007 -0.052  0.015 -0.026  0.002],
174,False,True,False,72.04294458974009,[-0.091  0.414  0.063 -2.171 -0.045  2.543  0.81   0.02  -0.083 -0.003 -0.036 -0.016 -0.017 -0.002],
175,False,True,False,46.93452434067927,[-0.091  0.413  0.063 -2.171 -0.045  2.542  0.81  -0.005 -0.042 -0.009 -0.01   0.009 -0.029 -0.   ],
176,False,True,False,39.842002783683895,[-0.091  0.411  0.062 -2.172 -0.044  2.541  0.81   0.007 -0.037 -0.004 -0.008  0.007 -0.036 -0.001],
177,False,True,False,10.142451326500831,[-0.09   0.409  0.062 -2.173 -0.044  2.539  0.81   0.012 -0.036 -0.005 -0.012  0.003 -0.033  0.001],
178,False,True,False,9.9120249286607,[-0.09   0.408  0.062 -2.173 -0.044  2.538  0.81   0.013 -0.045 -0.005 -0.013  0.011 -0.032 -0.001],
179,False,True,False,10.277512566469554,[-0.089  0.406  0.062 -2.174 -0.043  2.537  0.81   0.013 -0.042 -0.002 -0.012  0.009 -0.026  0.   ],
180,False,True,False,13.85337479108402,[-0.089  0.404  0.062 -2.174 -0.043  2.536  0.81   0.008 -0.027  0.     0.     0.016 -0.032  0.   ],
181,False,True,False,27.51302421656787,[-0.089  0.402  0.062 -2.175 -0.043  2.534  0.81   0.014 -0.04  -0.008 -0.013  0.008 -0.032 -0.002],
182,False,True,False,16.44555001513341,[-0.088  0.401  0.062 -2.175 -0.042  2.533  0.81   0.012 -0.047 -0.002 -0.013  0.013 -0.03   0.001],
183,False,True,False,9.069563075538447,[-0.088  0.399  0.061 -2.176 -0.042  2.531  0.81   0.011 -0.044 -0.007 -0.012  0.015 -0.026  0.001],
184,True,True,False,9.80376511840073,[-0.087  0.397  0.061 -2.177 -0.042  2.53   0.81   0.01  -0.044 -0.003 -0.013  0.008 -0.031 -0.001],9.332950592041016
