t,success,grasped,has_collided,joint_jerks,proprioception
0,False,False,False,0.8706775264690318,[-0.016  0.232  0.014 -2.118 -0.008  2.334  0.802  0.001  0.     0.    -0.001  0.    -0.     0.   ]
1,False,False,False,2.2448445049086407,[-0.016  0.232  0.014 -2.118 -0.008  2.334  0.802 -0.    -0.    -0.    -0.001 -0.001  0.    -0.002]
2,False,False,False,51.67754470637039,[-0.014  0.232  0.013 -2.12  -0.008  2.335  0.802  0.048  0.003 -0.039 -0.037  0.023  0.032  0.001]
3,False,False,False,51.70172608658657,[-0.012  0.232  0.011 -2.122 -0.007  2.337  0.802  0.05  -0.001 -0.036 -0.043  0.011  0.037  0.001]
4,False,False,False,45.488831769048616,[-0.01   0.231  0.01  -2.123 -0.007  2.338  0.802  0.04  -0.029 -0.038 -0.086  0.005 -0.014 -0.   ]
5,False,False,False,94.57728302591688,[-0.008  0.232  0.008 -2.125 -0.006  2.34   0.802  0.044 -0.001 -0.046 -0.04   0.018  0.04   0.001]
6,False,False,False,66.0129247146838,[-0.006  0.231  0.007 -2.127 -0.006  2.341  0.802  0.02  -0.008 -0.037 -0.04   0.027  0.013  0.002]
7,False,False,False,44.1989879602689,[-0.004  0.232  0.005 -2.128 -0.005  2.343  0.802  0.044 -0.009 -0.042 -0.041  0.02   0.034 -0.001]
8,False,False,False,18.52961869023238,[-0.002  0.232  0.003 -2.13  -0.005  2.345  0.802  0.049 -0.003 -0.038 -0.043  0.017  0.035  0.001]
9,False,False,False,25.31928671447323,[-0.     0.231  0.002 -2.132 -0.004  2.346  0.802  0.06  -0.013 -0.043 -0.064 -0.003  0.059 -0.004]
10,False,False,False,51.87217829736186,[ 0.001  0.232  0.    -2.133 -0.004  2.348  0.802  0.047 -0.001 -0.033 -0.042  0.013  0.035 -0.005]
11,False,False,False,26.276868865859118,[ 0.003  0.231 -0.001 -2.135 -0.003  2.349  0.802  0.042  0.002 -0.043 -0.045  0.021  0.032  0.   ]
12,False,False,False,33.998118471107105,[ 0.005  0.231 -0.003 -2.137 -0.002  2.351  0.802  0.054  0.004 -0.062 -0.089  0.002  0.034 -0.008]
13,False,False,False,67.45167312102282,[ 0.007  0.231 -0.004 -2.139 -0.002  2.353  0.802  0.063  0.019 -0.031 -0.041 -0.003  0.044 -0.   ]
14,False,False,False,52.875119195467235,[ 0.009  0.231 -0.006 -2.14  -0.001  2.354  0.803  0.048 -0.005 -0.042 -0.04   0.019  0.045  0.001]
15,False,False,False,23.194107456605206,[ 0.011  0.231 -0.008 -2.142 -0.001  2.356  0.802  0.027 -0.015 -0.045 -0.047  0.011  0.043 -0.002]
16,False,False,False,40.79787622989673,[ 0.014  0.231 -0.009 -2.144 -0.     2.358  0.803  0.061  0.007 -0.043 -0.048  0.012  0.047  0.   ]
17,False,False,False,29.006433366555115,[ 0.016  0.231 -0.011 -2.146  0.001  2.36   0.803  0.058  0.005 -0.037 -0.05  -0.001  0.043  0.002]
18,False,False,False,25.800885914190545,[ 0.018  0.231 -0.013 -2.148  0.001  2.362  0.803  0.056  0.006 -0.046 -0.042  0.019  0.055 -0.008]
19,False,False,False,23.402101811122765,[ 0.02   0.231 -0.015 -2.15   0.002  2.364  0.803  0.053  0.    -0.043 -0.048  0.014  0.056 -0.   ]
20,False,False,False,15.971411606936488,[ 0.023  0.231 -0.017 -2.152  0.002  2.366  0.803  0.064  0.    -0.045 -0.051  0.023  0.045 -0.   ]
21,False,False,False,12.76850777090645,[ 0.025  0.231 -0.019 -2.154  0.003  2.368  0.803  0.063 -0.001 -0.049 -0.053  0.021  0.046  0.001]
22,False,False,False,31.209815446894382,[ 0.028  0.231 -0.021 -2.157  0.004  2.37   0.803  0.043 -0.019 -0.058 -0.055  0.053  0.021  0.004]
23,False,False,False,70.62474502058889,[ 0.031  0.231 -0.023 -2.159  0.005  2.372  0.803  0.061 -0.001 -0.057 -0.055  0.006  0.054 -0.006]
24,False,False,False,49.03602621762017,[ 0.033  0.231 -0.025 -2.161  0.005  2.374  0.803  0.063  0.002 -0.051 -0.058  0.021  0.05   0.   ]
25,False,False,False,14.558834078629415,[ 0.036  0.231 -0.027 -2.163  0.006  2.376  0.803  0.063 -0.003 -0.05  -0.058  0.019  0.054 -0.001]
26,False,False,False,7.354304133344636,[ 0.038  0.231 -0.029 -2.166  0.007  2.378  0.803  0.067 -0.005 -0.052 -0.06   0.02   0.049 -0.   ]
27,False,False,False,10.857942664790986,[ 0.041  0.231 -0.032 -2.168  0.008  2.381  0.803  0.068 -0.001 -0.052 -0.057  0.014  0.057 -0.001]
28,False,False,False,7.422755574703658,[ 0.044  0.231 -0.034 -2.171  0.008  2.383  0.803  0.07   0.001 -0.058 -0.06   0.009  0.057 -0.   ]
29,False,False,False,6.875741756289087,[ 0.047  0.23  -0.036 -2.173  0.009  2.385  0.803  0.071 -0.001 -0.061 -0.061  0.015  0.056 -0.001]
30,False,False,False,7.713383811849704,[ 0.05   0.23  -0.039 -2.176  0.01   2.387  0.803  0.067 -0.001 -0.053 -0.059  0.021  0.056 -0.   ]
31,False,False,False,10.103161165596784,[ 0.053  0.23  -0.041 -2.178  0.011  2.39   0.803  0.072 -0.006 -0.055 -0.058  0.02   0.054  0.001]
32,False,False,False,10.547044113970882,[ 0.056  0.23  -0.043 -2.181  0.012  2.392  0.803  0.069 -0.001 -0.05  -0.059  0.015  0.057 -0.001]
33,False,False,False,9.727073667328847,[ 0.058  0.23  -0.046 -2.183  0.012  2.394  0.803  0.071  0.001 -0.05  -0.059  0.023  0.056  0.   ]
34,False,False,False,8.839785703803974,[ 0.061  0.23  -0.048 -2.186  0.013  2.397  0.803  0.074 -0.001 -0.056 -0.062  0.019  0.056 -0.001]
35,False,False,False,7.6203975535006805,[ 0.064  0.23  -0.05  -2.188  0.014  2.399  0.803  0.068 -0.002 -0.057 -0.061  0.015  0.062 -0.001]
36,False,False,False,6.203095821161141,[ 0.067  0.23  -0.052 -2.19   0.015  2.401  0.803  0.061 -0.006 -0.052 -0.062  0.016  0.063  0.001]
37,False,False,False,13.992553348358186,[ 0.07   0.23  -0.055 -2.193  0.016  2.404  0.803  0.066  0.001 -0.058 -0.059  0.018  0.055  0.   ]
38,False,False,False,9.147917316564088,[ 0.072  0.23  -0.057 -2.195  0.016  2.406  0.803  0.067  0.    -0.055 -0.056  0.017  0.053 -0.   ]
39,False,False,False,4.983531727581214,[ 0.075  0.23  -0.059 -2.198  0.017  2.408  0.803  0.068 -0.002 -0.05  -0.056  0.016  0.058  0.001]
40,False,False,False,9.710017859844813,[ 0.078  0.23  -0.061 -2.2    0.018  2.411  0.803  0.069  0.    -0.055 -0.052  0.019  0.053 -0.   ]
41,False,False,False,10.33005726564859,[ 0.081  0.229 -0.063 -2.202  0.019  2.413  0.803  0.06  -0.001 -0.051 -0.051  0.028  0.055  0.001]
42,False,False,False,14.968222077214932,[ 0.083  0.229 -0.065 -2.205  0.019  2.415  0.803  0.057  0.    -0.052 -0.057  0.015  0.055  0.001]
43,False,False,False,10.62589466964819,[ 0.086  0.229 -0.067 -2.207  0.02   2.417  0.803  0.054 -0.002 -0.046 -0.049  0.01   0.053  0.001]
44,False,False,False,9.246583553806477,[ 0.088  0.229 -0.069 -2.209  0.021  2.419  0.803  0.055 -0.001 -0.045 -0.049  0.017  0.052 -0.002]
45,False,False,False,9.830413490276587,[ 0.091  0.229 -0.071 -2.211  0.021  2.421  0.803  0.055 -0.    -0.044 -0.05   0.009  0.051  0.001]
46,False,False,False,8.666249232777265,[ 0.093  0.229 -0.073 -2.213  0.022  2.423  0.803  0.056  0.002 -0.043 -0.049  0.013  0.046 -0.002]
47,False,False,False,16.079060331498077,[ 0.095  0.229 -0.075 -2.215  0.023  2.425  0.803  0.04   0.004 -0.03  -0.05   0.013  0.028 -0.   ]
48,False,False,False,32.66894429895536,[ 0.097  0.229 -0.077 -2.217  0.023  2.426  0.803  0.046 -0.014 -0.046 -0.05   0.011  0.039 -0.007]
49,False,False,False,27.45000932501797,[ 0.099  0.229 -0.079 -2.219  0.024  2.428  0.803  0.054 -0.001 -0.038 -0.041  0.01   0.042  0.001]
50,False,False,False,16.211342585499803,[ 0.102  0.229 -0.08  -2.221  0.024  2.43   0.803  0.047 -0.001 -0.037 -0.042  0.012  0.034  0.   ]
51,False,False,False,23.27552877778361,[ 0.104  0.229 -0.081 -2.221  0.025  2.431  0.803  0.038  0.009 -0.025 -0.009  0.012  0.025  0.001]
52,False,False,False,16.844455322301666,[ 0.105  0.23  -0.082 -2.221  0.026  2.432  0.803  0.04   0.02  -0.024  0.003  0.019  0.021 -0.   ]
53,False,False,False,16.052646171355303,[ 0.107  0.231 -0.083 -2.221  0.026  2.433  0.803  0.035  0.015 -0.025 -0.001  0.016  0.018 -0.   ]
54,False,False,False,12.653555769108307,[ 0.108  0.232 -0.084 -2.222  0.027  2.434  0.803  0.034  0.026 -0.026  0.     0.017  0.025  0.001]
55,False,False,False,13.05139657072592,[ 0.11   0.233 -0.085 -2.222  0.028  2.435  0.803  0.037  0.023 -0.026 -0.005  0.019  0.02  -0.   ]
56,False,False,False,11.91101207162796,[ 0.111  0.234 -0.086 -2.222  0.028  2.436  0.803  0.032  0.021 -0.024 -0.002  0.013  0.026 -0.   ]
57,False,False,False,8.389472857947206,[ 0.112  0.235 -0.087 -2.222  0.029  2.437  0.803  0.035  0.024 -0.024 -0.003  0.008  0.025 -0.   ]
58,False,False,False,10.338137613149675,[ 0.114  0.236 -0.088 -2.222  0.03   2.438  0.803  0.034  0.02  -0.02  -0.007  0.016  0.03   0.   ]
59,False,False,False,8.2546408318978,[ 0.115  0.237 -0.089 -2.222  0.03   2.439  0.803  0.032  0.02  -0.022 -0.007  0.019  0.024 -0.001]
60,False,False,False,9.625889281521758,[ 0.117  0.238 -0.09  -2.222  0.031  2.44   0.803  0.039  0.022 -0.025  0.002  0.02   0.026 -0.001]
61,False,False,False,9.6536719172187,[ 0.118  0.239 -0.091 -2.222  0.032  2.441  0.803  0.039  0.022 -0.025  0.001  0.019  0.021  0.001]
62,False,False,False,7.41516817547018,[ 0.12   0.24  -0.092 -2.222  0.032  2.442  0.803  0.034  0.029 -0.024  0.002  0.021  0.022  0.002]
63,False,False,False,9.765079468607478,[ 0.121  0.241 -0.093 -2.222  0.033  2.443  0.803  0.033  0.027 -0.028 -0.007  0.026  0.022 -0.001]
64,False,False,False,11.73199767875467,[ 0.123  0.242 -0.094 -2.222  0.034  2.444  0.803  0.038  0.032 -0.026 -0.004  0.02   0.023 -0.001]
65,False,False,False,10.110215396119536,[ 0.125  0.243 -0.095 -2.223  0.035  2.445  0.803  0.04   0.026 -0.03  -0.002  0.02   0.029  0.002]
66,False,False,False,10.859013144462772,[ 0.126  0.245 -0.097 -2.223  0.035  2.447  0.803  0.046  0.028 -0.028 -0.002  0.018  0.024 -0.   ]
67,False,False,False,8.451316347143683,[ 0.128  0.246 -0.098 -2.223  0.036  2.448  0.803  0.043  0.024 -0.029  0.001  0.019  0.022 -0.001]
68,False,False,False,7.592355679541602,[ 0.13   0.247 -0.099 -2.223  0.037  2.449  0.803  0.041  0.026 -0.029 -0.003  0.026  0.026 -0.001]
69,False,False,False,10.940982065418225,[ 0.132  0.248 -0.1   -2.223  0.038  2.45   0.803  0.038  0.023 -0.028  0.008  0.031  0.021 -0.   ]
70,False,False,False,20.322053660496685,[ 0.134  0.249 -0.102 -2.223  0.039  2.451  0.803  0.04   0.029 -0.038 -0.003  0.019  0.026  0.001]
71,False,False,False,20.139760960357563,[ 0.136  0.251 -0.103 -2.223  0.04   2.453  0.803  0.049  0.031 -0.028 -0.001  0.028  0.028  0.   ]
72,False,False,False,20.891053087128412,[ 0.138  0.252 -0.104 -2.223  0.041  2.454  0.803  0.037  0.019 -0.032 -0.013  0.037  0.041 -0.002]
73,False,False,False,35.11445851570338,[ 0.14   0.253 -0.106 -2.224  0.041  2.455  0.803  0.048  0.037 -0.036 -0.001  0.019  0.036 -0.001]
74,False,False,False,20.827596095163898,[ 0.142  0.255 -0.107 -2.224  0.042  2.457  0.803  0.052  0.04  -0.031 -0.008  0.02   0.032 -0.   ]
75,False,False,False,13.305989080007667,[ 0.144  0.256 -0.108 -2.224  0.043  2.458  0.803  0.049  0.028 -0.035 -0.006  0.023  0.031  0.   ]
76,False,False,False,9.897894138723718,[ 0.146  0.257 -0.11  -2.224  0.044  2.46   0.803  0.05   0.028 -0.035 -0.004  0.03   0.037  0.001]
77,False,False,False,19.95597178261379,[ 0.149  0.259 -0.111 -2.224  0.045  2.461  0.803  0.047  0.023 -0.053 -0.007  0.016  0.051 -0.011]
78,False,False,False,36.022073058154064,[ 0.151  0.26  -0.113 -2.224  0.046  2.463  0.803  0.056  0.032 -0.04  -0.006  0.023  0.031  0.001]
79,False,False,False,22.585317087884704,[ 0.153  0.262 -0.114 -2.225  0.047  2.464  0.803  0.059  0.034 -0.038  0.002  0.03   0.042  0.001]
80,False,False,False,18.05467760969645,[ 0.156  0.263 -0.116 -2.225  0.048  2.466  0.803  0.053  0.027 -0.034 -0.003  0.022  0.037 -0.   ]
81,False,False,False,14.567418924042864,[ 0.158  0.265 -0.117 -2.225  0.05   2.468  0.803  0.059  0.032 -0.039 -0.006  0.026  0.04   0.   ]
82,False,False,False,8.908662604757847,[ 0.16   0.266 -0.119 -2.225  0.051  2.469  0.803  0.054  0.035 -0.04  -0.007  0.024  0.037  0.001]
83,False,False,False,17.153751668557515,[ 0.163  0.268 -0.12  -2.225  0.052  2.471  0.803  0.029  0.022 -0.044 -0.007  0.022  0.027 -0.   ]
84,False,False,False,44.41120234748625,[ 0.165  0.269 -0.122 -2.226  0.053  2.472  0.803  0.062  0.031 -0.034 -0.011  0.011  0.047  0.001]
85,False,False,False,37.77940601700266,[ 0.167  0.271 -0.123 -2.226  0.054  2.474  0.803  0.062  0.036 -0.033  0.     0.031  0.03   0.003]
86,False,False,False,21.208754759769256,[ 0.169  0.272 -0.125 -2.226  0.055  2.475  0.803  0.05   0.03  -0.04  -0.     0.03   0.027  0.002]
87,False,False,False,22.952711047530215,[ 0.17   0.273 -0.126 -2.226  0.055  2.476  0.803  0.063  0.038 -0.036 -0.002  0.027  0.043  0.001]
88,False,False,False,23.76042520642278,[ 0.174  0.275 -0.128 -2.226  0.057  2.478  0.803  0.055  0.037 -0.042 -0.005  0.028  0.032  0.   ]
89,False,False,False,10.958234731096946,[ 0.176  0.276 -0.129 -2.226  0.058  2.48   0.803  0.051  0.031 -0.043 -0.009  0.024  0.034  0.001]
90,False,False,False,13.935429440893918,[ 0.178  0.278 -0.131 -2.226  0.059  2.481  0.803  0.052  0.036 -0.033 -0.001  0.026  0.038  0.001]
91,False,False,False,12.405315446823742,[ 0.181  0.279 -0.132 -2.227  0.06   2.483  0.803  0.052  0.032 -0.034 -0.004  0.028  0.034 -0.001]
92,False,False,False,10.932675904107745,[ 0.183  0.281 -0.134 -2.227  0.061  2.484  0.803  0.052  0.034 -0.031 -0.002  0.02   0.041  0.001]
93,False,False,False,11.996983030300429,[ 0.185  0.282 -0.135 -2.227  0.062  2.486  0.803  0.048  0.035 -0.031 -0.002  0.019  0.032 -0.001]
94,False,False,False,12.485390404396226,[ 0.187  0.283 -0.136 -2.227  0.063  2.487  0.803  0.05   0.032 -0.036 -0.01   0.02   0.037 -0.   ]
95,False,False,False,15.971450721729143,[ 0.189  0.284 -0.138 -2.227  0.063  2.488  0.803  0.047  0.028 -0.03   0.001  0.023  0.032 -0.001]
96,False,False,False,10.985488055467709,[ 0.191  0.286 -0.139 -2.227  0.064  2.49   0.803  0.044  0.029 -0.028 -0.004  0.022  0.027  0.001]
97,False,False,False,6.937566369308547,[ 0.193  0.287 -0.14  -2.227  0.065  2.491  0.803  0.046  0.03  -0.029 -0.005  0.02   0.031  0.   ]
98,False,False,False,16.52033243684661,[ 0.194  0.288 -0.141 -2.228  0.066  2.492  0.803  0.038  0.032 -0.028 -0.     0.041  0.032  0.003]
99,False,False,False,28.095079606270385,[ 0.196  0.289 -0.143 -2.228  0.067  2.493  0.803  0.042  0.029 -0.028 -0.004  0.02   0.029  0.001]
100,False,False,False,13.569900784649294,[ 0.198  0.29  -0.144 -2.228  0.068  2.494  0.803  0.042  0.018 -0.026 -0.     0.017  0.031 -0.001]
101,False,False,False,26.691117152429488,[ 0.199  0.291 -0.144 -2.228  0.068  2.495  0.803  0.015  0.031 -0.005  0.001  0.011  0.026 -0.001]
102,False,False,False,23.61397806529828,[ 0.199  0.292 -0.145 -2.228  0.069  2.496  0.803  0.007  0.029 -0.01   0.005  0.011  0.029  0.002]
103,False,False,False,17.620437613422926,[ 0.2    0.294 -0.145 -2.228  0.069  2.497  0.803  0.018  0.028 -0.004 -0.002  0.004  0.027 -0.007]
104,False,False,False,23.040283295317874,[ 0.201  0.295 -0.145 -2.228  0.07   2.498  0.803  0.017  0.018 -0.01  -0.016  0.024  0.028 -0.002]
105,False,False,False,30.715866550144607,[ 0.201  0.296 -0.145 -2.228  0.07   2.499  0.803  0.014  0.021  0.003  0.     0.014  0.022  0.001]
106,False,False,False,17.893927560702913,[ 0.202  0.297 -0.145 -2.228  0.071  2.5    0.803  0.016  0.029  0.    -0.004  0.013  0.016 -0.001]
107,False,False,False,14.621507145971323,[ 0.202  0.298 -0.145 -2.227  0.071  2.501  0.803  0.016  0.021 -0.001  0.005  0.011  0.019  0.001]
108,False,False,False,10.664753622046344,[ 0.203  0.299 -0.146 -2.227  0.072  2.501  0.803  0.012  0.022 -0.006  0.003  0.009  0.016 -0.001]
109,False,False,False,8.439840750560997,[ 0.204  0.3   -0.146 -2.227  0.072  2.502  0.803  0.012  0.026 -0.008  0.001  0.015  0.02  -0.   ]
110,False,False,False,7.498422421336361,[ 0.204  0.301 -0.146 -2.227  0.073  2.503  0.803  0.015  0.023 -0.008  0.004  0.014  0.023  0.   ]
111,False,False,False,8.763012581718911,[ 0.205  0.302 -0.146 -2.227  0.073  2.504  0.803  0.013  0.027 -0.001  0.002  0.019  0.031  0.   ]
112,False,False,False,13.922737329984892,[ 0.205  0.303 -0.146 -2.227  0.073  2.505  0.803  0.018  0.026 -0.002  0.003  0.006  0.03  -0.001]
113,False,False,False,9.857167551077824,[ 0.206  0.304 -0.147 -2.227  0.074  2.506  0.803  0.014  0.026 -0.003  0.     0.007  0.028 -0.001]
114,False,False,False,11.617877627767879,[ 0.207  0.306 -0.147 -2.227  0.075  2.507  0.803  0.023  0.018 -0.004 -0.002  0.004  0.014 -0.001]
115,False,False,False,24.962698498699147,[ 0.208  0.307 -0.147 -2.227  0.075  2.508  0.803  0.012  0.034 -0.012  0.001  0.015  0.019  0.   ]
116,False,False,False,17.096759640107532,[ 0.208  0.308 -0.147 -2.226  0.076  2.509  0.803  0.017  0.035 -0.009  0.002  0.016  0.028 -0.002]
117,False,False,False,40.48937630887296,[ 0.209  0.31  -0.148 -2.226  0.077  2.51   0.803  0.033  0.09  -0.006  0.035  0.017  0.028 -0.   ]
118,False,False,False,86.52357013408779,[ 0.21   0.311 -0.148 -2.226  0.077  2.511  0.803  0.011  0.032 -0.005 -0.001  0.021  0.024 -0.001]
119,False,False,False,45.52498240308584,[ 0.211  0.312 -0.148 -2.226  0.078  2.512  0.803  0.018  0.025 -0.006  0.003  0.017  0.027  0.   ]
120,False,False,False,46.269300758030504,[ 0.211  0.314 -0.148 -2.226  0.078  2.514  0.803  0.028  0.088 -0.01   0.024  0.009  0.05  -0.002]
121,False,False,False,80.8031571369962,[ 0.212  0.315 -0.149 -2.226  0.079  2.515  0.803  0.021  0.038 -0.007  0.001  0.012  0.032 -0.001]
122,False,False,False,33.19450754874111,[ 0.213  0.316 -0.149 -2.226  0.08   2.516  0.803  0.012  0.034 -0.011  0.002  0.016  0.025  0.001]
123,False,False,False,16.53929002790184,[ 0.214  0.318 -0.149 -2.225  0.081  2.517  0.803  0.024  0.034 -0.012  0.003  0.013  0.032 -0.   ]
124,False,False,False,12.728769657242744,[ 0.215  0.319 -0.15  -2.225  0.081  2.519  0.803  0.023  0.038 -0.01   0.004  0.023  0.03   0.   ]
125,False,False,False,11.288195158565152,[ 0.216  0.321 -0.15  -2.225  0.082  2.52   0.803  0.02   0.036 -0.011  0.001  0.019  0.036 -0.002]
126,False,False,False,6.934042171916963,[ 0.217  0.323 -0.15  -2.225  0.083  2.521  0.803  0.022  0.04  -0.015  0.003  0.019  0.038 -0.002]
127,False,False,False,8.363946681607006,[ 0.218  0.324 -0.151 -2.225  0.084  2.523  0.803  0.022  0.037 -0.009  0.007  0.019  0.036  0.001]
128,False,False,False,6.726458190568738,[ 0.219  0.326 -0.151 -2.225  0.085  2.524  0.803  0.023  0.037 -0.009  0.006  0.021  0.038  0.001]
129,False,False,False,6.339356052016906,[ 0.22   0.327 -0.151 -2.224  0.085  2.526  0.803  0.025  0.042 -0.01   0.005  0.029  0.035 -0.001]
130,False,False,False,12.608353928599694,[ 0.221  0.329 -0.152 -2.224  0.086  2.527  0.803  0.018  0.034 -0.011  0.001  0.026  0.028 -0.001]
131,False,False,False,14.853404975793598,[ 0.222  0.331 -0.152 -2.224  0.087  2.528  0.803  0.026  0.036 -0.013  0.004  0.021  0.034 -0.   ]
132,False,False,False,9.42119037100355,[ 0.223  0.333 -0.152 -2.224  0.088  2.53   0.803  0.025  0.043 -0.009  0.001  0.02   0.035  0.001]
133,False,False,False,8.54722044352966,[ 0.224  0.334 -0.153 -2.224  0.089  2.531  0.803  0.028  0.043 -0.008  0.002  0.022  0.027  0.001]
134,False,False,False,18.051683424684065,[ 0.225  0.336 -0.153 -2.224  0.089  2.533  0.803  0.019  0.031 -0.01  -0.017  0.02   0.029 -0.   ]
135,False,False,False,27.56324157688019,[ 0.226  0.338 -0.153 -2.223  0.09   2.534  0.803  0.018  0.037 -0.01   0.002  0.014  0.038 -0.   ]
136,False,False,False,21.512690130599033,[ 0.227  0.339 -0.154 -2.223  0.091  2.536  0.803  0.025  0.033 -0.008  0.     0.021  0.027 -0.001]
137,False,False,False,26.832020715456522,[ 0.228  0.341 -0.154 -2.223  0.092  2.537  0.803  0.024  0.004 -0.013 -0.017  0.016  0.042  0.004]
138,False,False,False,49.032097908975665,[ 0.229  0.342 -0.154 -2.223  0.093  2.538  0.803  0.032  0.037 -0.008  0.001  0.013  0.03  -0.005]
139,False,False,False,49.83454797876873,[ 0.23   0.344 -0.155 -2.223  0.094  2.54   0.803  0.004  0.013 -0.013 -0.019  0.008  0.03  -0.001]
140,False,False,False,48.72916682534757,[ 0.231  0.346 -0.155 -2.222  0.094  2.541  0.803  0.021  0.036 -0.007  0.     0.01   0.041  0.003]
141,False,False,False,21.778607702446603,[ 0.232  0.347 -0.155 -2.222  0.095  2.542  0.803  0.028  0.042 -0.011  0.002  0.017  0.035  0.   ]
142,False,False,False,14.75523139582067,[ 0.233  0.349 -0.156 -2.222  0.096  2.543  0.803  0.021  0.033 -0.009 -0.     0.014  0.028 -0.001]
143,False,False,False,15.52492390525965,[ 0.233  0.35  -0.156 -2.222  0.097  2.545  0.803  0.023  0.031 -0.007  0.003  0.022  0.038 -0.001]
144,False,False,False,14.004874676538467,[ 0.234  0.351 -0.156 -2.222  0.097  2.546  0.803  0.015  0.029 -0.012  0.004  0.019  0.035  0.001]
145,False,False,False,11.686030898937908,[ 0.235  0.353 -0.157 -2.222  0.098  2.547  0.803  0.022  0.029 -0.008  0.003  0.017  0.027  0.004]
146,False,False,False,9.457287085050925,[ 0.236  0.354 -0.157 -2.222  0.099  2.548  0.803  0.019  0.034 -0.007  0.001  0.02   0.026  0.002]
147,False,False,False,24.397354992213625,[ 0.237  0.356 -0.157 -2.221  0.099  2.549  0.803  0.024  0.046 -0.009  0.03   0.036  0.008  0.001]
148,False,False,False,55.052410138569606,[ 0.238  0.357 -0.157 -2.221  0.1    2.551  0.803  0.009  0.027 -0.007 -0.001  0.014  0.027 -0.001]
149,False,False,False,36.26434801480175,[ 0.238  0.358 -0.158 -2.221  0.1    2.552  0.803  0.017  0.03  -0.012  0.004  0.019  0.029 -0.001]
150,False,False,False,9.996446085159679,[ 0.239  0.36  -0.158 -2.221  0.101  2.553  0.803  0.021  0.027 -0.009  0.003  0.014  0.026  0.   ]
151,False,False,False,22.832756719053844,[ 0.239  0.361 -0.158 -2.22   0.101  2.554  0.803 -0.     0.035  0.012  0.015  0.008  0.014 -0.   ]
152,False,False,False,40.161139204160015,[ 0.239  0.363 -0.157 -2.22   0.102  2.554  0.803  0.003  0.089  0.006  0.045  0.011  0.022 -0.001]
153,False,False,False,81.09586994502702,[ 0.239  0.364 -0.157 -2.219  0.102  2.555  0.803 -0.005  0.031  0.004  0.017  0.008 -0.001 -0.003]
154,False,False,False,45.80640336418071,[ 0.239  0.365 -0.157 -2.218  0.102  2.555  0.803 -0.002  0.031  0.008  0.018  0.002  0.007  0.001]
155,False,False,False,21.19639275798329,[ 0.239  0.367 -0.157 -2.218  0.102  2.556  0.803 -0.002  0.015  0.002  0.005  0.019  0.011  0.001]
156,False,False,False,35.12762747411055,[ 0.239  0.368 -0.156 -2.217  0.102  2.557  0.803 -0.002  0.036  0.006  0.016  0.002  0.014 -0.   ]
157,False,False,False,20.337502961443295,[ 0.239  0.369 -0.156 -2.217  0.102  2.557  0.803 -0.002  0.035  0.009  0.016  0.006  0.012  0.001]
158,False,False,False,17.867366298067683,[ 0.239  0.371 -0.156 -2.216  0.103  2.558  0.803 -0.003  0.05   0.004  0.031  0.023  0.016  0.002]
159,False,False,False,38.98095726024241,[ 0.239  0.372 -0.155 -2.215  0.103  2.558  0.803  0.004  0.037  0.008  0.018 -0.003  0.009 -0.002]
160,False,False,False,32.15234980643042,[ 0.239  0.373 -0.155 -2.215  0.103  2.559  0.803 -0.     0.038  0.004  0.014  0.013  0.022 -0.001]
161,False,False,False,19.6133151808345,[ 0.238  0.375 -0.155 -2.214  0.103  2.56   0.803 -0.001  0.033  0.005  0.013  0.003  0.019  0.001]
162,False,False,False,12.6377721646776,[ 0.238  0.376 -0.155 -2.213  0.103  2.56   0.803 -0.004  0.028 -0.006  0.016  0.007  0.018  0.001]
163,False,False,False,20.544316886747772,[ 0.238  0.377 -0.154 -2.213  0.104  2.561  0.803  0.006  0.027  0.006  0.008 -0.003  0.013 -0.001]
164,False,False,False,27.586618364344243,[ 0.238  0.379 -0.154 -2.212  0.104  2.561  0.803 -0.003  0.036  0.007  0.023  0.013  0.019  0.001]
165,False,False,False,27.080056239311563,[ 0.238  0.38  -0.154 -2.211  0.104  2.562  0.803  0.001  0.021 -0.     0.023  0.004  0.011 -0.002]
166,False,False,False,23.369357998757902,[ 0.238  0.382 -0.153 -2.21   0.105  2.563  0.803  0.004  0.039  0.006  0.016 -0.001  0.01   0.   ]
167,False,False,False,19.80413108549056,[ 0.238  0.383 -0.153 -2.21   0.105  2.564  0.803 -0.005  0.037  0.003  0.022  0.006  0.018  0.001]
168,False,False,False,25.646281173502647,[ 0.238  0.385 -0.153 -2.209  0.105  2.564  0.803 -0.008  0.074  0.004  0.037  0.006  0.022 -0.002]
169,False,False,False,42.95955576434337,[ 0.238  0.387 -0.152 -2.208  0.105  2.565  0.803  0.006  0.05   0.01   0.025  0.007  0.022 -0.001]
170,False,False,False,20.038095413608914,[ 0.237  0.389 -0.152 -2.207  0.106  2.566  0.803 -0.006  0.04   0.007  0.018  0.009  0.022 -0.001]
171,False,False,False,16.33346448723653,[ 0.237  0.39  -0.152 -2.206  0.106  2.567  0.803 -0.004  0.04   0.01   0.029  0.007  0.019 -0.001]
172,False,False,False,12.05462588742793,[ 0.237  0.392 -0.151 -2.205  0.106  2.568  0.803 -0.005  0.044  0.01   0.026  0.007  0.027  0.002]
173,False,False,False,6.728733631578751,[ 0.237  0.394 -0.151 -2.204  0.107  2.569  0.803 -0.002  0.044  0.012  0.023  0.006  0.027 -0.   ]
174,False,False,False,10.008104160614742,[ 0.237  0.395 -0.15  -2.203  0.107  2.569  0.803  0.001  0.043  0.003  0.023  0.001  0.017 -0.   ]
175,False,False,False,20.62505879389334,[ 0.237  0.398 -0.15  -2.202  0.107  2.57   0.803 -0.004  0.041  0.007  0.022  0.007  0.032 -0.008]
176,False,False,False,19.32668546588023,[ 0.237  0.4   -0.15  -2.201  0.108  2.571  0.803 -0.001  0.05   0.012  0.028  0.005  0.027  0.   ]
177,False,False,False,19.422188373149798,[ 0.237  0.402 -0.149 -2.2    0.108  2.572  0.803 -0.01   0.058  0.007  0.055  0.007  0.007  0.002]
178,False,False,False,44.76778885750986,[ 0.237  0.404 -0.149 -2.199  0.108  2.573  0.803  0.002  0.057  0.016  0.029  0.012  0.026 -0.001]
179,False,False,False,24.970949008173257,[ 0.236  0.406 -0.148 -2.198  0.109  2.574  0.803 -0.007  0.048  0.015  0.026  0.009  0.026 -0.001]
180,False,False,False,13.223032123751613,[ 0.236  0.407 -0.148 -2.197  0.109  2.575  0.803 -0.001  0.046  0.01   0.03   0.015  0.027  0.001]
181,False,False,False,11.119941444943217,[ 0.236  0.41  -0.148 -2.196  0.11   2.576  0.803 -0.003  0.051  0.006  0.024  0.016  0.02   0.001]
182,False,False,False,12.789256829162078,[ 0.236  0.412 -0.147 -2.195  0.11   2.577  0.803  0.     0.049  0.006  0.021  0.013  0.03   0.   ]
183,False,False,False,26.09329085031867,[ 0.236  0.414 -0.147 -2.194  0.11   2.578  0.803 -0.009  0.074  0.008  0.041  0.015  0.022 -0.003]
184,False,False,False,37.374996143482655,[ 0.236  0.416 -0.146 -2.193  0.111  2.579  0.803  0.001  0.054  0.009  0.029  0.01   0.026  0.001]
185,False,False,False,26.06908424374453,[ 0.236  0.418 -0.146 -2.192  0.111  2.58   0.803 -0.016  0.004  0.008  0.028 -0.     0.028 -0.003]
186,False,False,False,51.95068675541501,[ 0.236  0.42  -0.145 -2.191  0.112  2.581  0.803  0.01   0.023  0.016  0.013  0.002  0.03   0.002]
187,False,False,False,36.42945334639843,[ 0.235  0.422 -0.145 -2.19   0.112  2.582  0.803 -0.012  0.045  0.007  0.025  0.011  0.029 -0.004]
188,False,False,False,43.023908152971224,[ 0.235  0.423 -0.145 -2.189  0.112  2.582  0.803 -0.005  0.063  0.024  0.016  0.029 -0.022  0.004]
189,False,False,False,69.68204418869288,[ 0.235  0.426 -0.144 -2.188  0.113  2.584  0.803 -0.013  0.054  0.005  0.017  0.004  0.017 -0.001]
190,False,False,False,36.938864841351894,[ 0.235  0.428 -0.144 -2.187  0.113  2.585  0.803 -0.005  0.044  0.011  0.021  0.014  0.018  0.   ]
191,False,False,False,13.508931540632709,[ 0.235  0.43  -0.143 -2.186  0.113  2.586  0.803 -0.004  0.045  0.009  0.029  0.009  0.022  0.   ]
192,False,False,False,9.884700707893721,[ 0.235  0.431 -0.143 -2.185  0.114  2.586  0.803 -0.004  0.04   0.007  0.025  0.007  0.02   0.   ]
193,False,False,False,31.145436743550928,[ 0.235  0.433 -0.143 -2.184  0.114  2.587  0.803 -0.007  0.048  0.017  0.025  0.032 -0.021  0.006]
194,False,False,False,63.6676271070741,[ 0.235  0.435 -0.142 -2.183  0.115  2.588  0.803 -0.012  0.044  0.     0.022 -0.003  0.015 -0.003]
195,False,False,False,39.30790419774178,[ 0.234  0.437 -0.142 -2.182  0.115  2.589  0.803  0.004  0.049  0.018  0.025  0.002  0.027  0.001]
196,False,False,False,24.810095174118818,[ 0.234  0.439 -0.141 -2.181  0.115  2.59   0.803 -0.     0.049  0.012  0.017  0.01   0.018 -0.001]
197,False,False,False,14.095262486794228,[ 0.234  0.44  -0.141 -2.18   0.115  2.591  0.803 -0.002  0.034  0.01   0.02   0.013  0.018 -0.001]
198,False,False,False,12.891887910936605,[ 0.234  0.442 -0.141 -2.179  0.116  2.591  0.803  0.001  0.036  0.007  0.02   0.007  0.015 -0.   ]
199,False,False,False,10.867524316787572,[ 0.234  0.443 -0.14  -2.178  0.116  2.592  0.803 -0.005  0.031  0.011  0.014  0.008  0.018  0.001]
200,False,False,False,24.525388176960583,[ 0.234  0.447 -0.14  -2.176  0.117  2.594  0.803  0.001  0.001  0.     0.    -0.    -0.    -0.001]
201,False,False,False,25.505892921755446,[ 0.234  0.447 -0.14  -2.176  0.117  2.594  0.803 -0.     0.    -0.    -0.    -0.     0.     0.001]
202,False,False,False,43.64533033249112,[ 0.233  0.448 -0.139 -2.176  0.117  2.594  0.803 -0.005  0.049  0.005  0.036 -0.02   0.027 -0.004]
203,False,False,False,56.34787850074466,[ 0.233  0.45  -0.139 -2.175  0.117  2.595  0.803 -0.022  0.044  0.011  0.034  0.001  0.009  0.001]
204,False,False,False,28.997102983763384,[ 0.233  0.452 -0.139 -2.174  0.117  2.595  0.803 -0.011  0.031  0.011  0.011  0.     0.01   0.   ]
205,False,False,False,30.745294533163506,[ 0.232  0.453 -0.138 -2.173  0.117  2.595  0.803 -0.011  0.039  0.016  0.03   0.     0.017  0.001]
206,False,False,False,20.68861494115564,[ 0.232  0.454 -0.138 -2.171  0.117  2.596  0.803 -0.013  0.033  0.011  0.028  0.     0.006  0.   ]
207,False,False,False,13.465534511075955,[ 0.231  0.455 -0.137 -2.17   0.117  2.596  0.803 -0.013  0.009  0.015  0.031  0.005 -0.005  0.001]
208,False,False,False,31.671305702658817,[ 0.231  0.456 -0.136 -2.169  0.117  2.597  0.803 -0.014  0.029  0.014  0.026  0.002  0.007  0.   ]
209,False,False,False,16.388004155127,[ 0.23   0.458 -0.136 -2.168  0.117  2.597  0.803 -0.008  0.028  0.01   0.028 -0.     0.006 -0.001]
210,False,False,False,48.09758738971128,[ 0.23   0.459 -0.135 -2.167  0.117  2.597  0.803 -0.009  0.086  0.008  0.073 -0.022  0.018 -0.007]
211,False,False,False,92.81620806461194,[ 0.229  0.46  -0.135 -2.166  0.117  2.598  0.803 -0.024  0.036  0.001  0.023 -0.009  0.029 -0.004]
212,False,False,False,47.40805113110011,[ 0.229  0.461 -0.134 -2.164  0.117  2.598  0.803 -0.017  0.014  0.009  0.03   0.005  0.007  0.001]
213,False,False,False,51.6233782211165,[ 0.228  0.462 -0.134 -2.163  0.117  2.599  0.803 -0.01   0.041  0.009  0.025 -0.009  0.043  0.001]
214,False,False,False,54.966692623080085,[ 0.228  0.463 -0.134 -2.162  0.117  2.599  0.803 -0.009  0.027  0.012  0.036  0.005  0.009  0.001]
215,False,False,False,25.095876755847094,[ 0.227  0.464 -0.133 -2.161  0.117  2.6    0.803 -0.012  0.018  0.01   0.034  0.     0.007 -0.001]
216,False,False,False,11.135790808898797,[ 0.227  0.465 -0.133 -2.159  0.117  2.6    0.803 -0.008  0.022  0.016  0.035  0.     0.01  -0.001]
217,False,False,False,10.301006821658763,[ 0.226  0.466 -0.132 -2.158  0.117  2.601  0.803 -0.017  0.025  0.016  0.035  0.001  0.007 -0.002]
218,False,False,False,11.443356407538683,[ 0.226  0.467 -0.131 -2.156  0.117  2.601  0.803 -0.012  0.025  0.019  0.033 -0.003  0.01   0.001]
219,False,False,True,8.470823822822112,[ 0.225  0.468 -0.131 -2.155  0.116  2.601  0.802 -0.011  0.029  0.014  0.036 -0.001  0.014  0.001]
220,False,False,True,5.240169621380117,[ 0.225  0.468 -0.131 -2.155  0.116  2.601  0.802 -0.011  0.029  0.014  0.036 -0.001  0.014  0.001]
221,False,False,True,0.0,[ 0.225  0.468 -0.131 -2.155  0.116  2.601  0.802 -0.011  0.029  0.014  0.036 -0.001  0.014  0.001]
222,False,False,True,0.0,[ 0.225  0.468 -0.131 -2.155  0.116  2.601  0.802 -0.011  0.029  0.014  0.036 -0.001  0.014  0.001]
223,False,False,True,0.0,[ 0.225  0.468 -0.131 -2.155  0.116  2.601  0.802 -0.011  0.029  0.014  0.036 -0.001  0.014  0.001]
224,False,False,True,36.22933774654358,[ 0.225  0.467 -0.131 -2.154  0.117  2.601  0.803 -0.    -0.008 -0.001 -0.002 -0.    -0.001 -0.002]
225,False,False,True,42.35480538608124,[ 0.225  0.467 -0.131 -2.154  0.117  2.601  0.803  0.001  0.     0.     0.004 -0.     0.001  0.   ]
226,False,False,True,9.170926845159643,[ 0.225  0.467 -0.131 -2.154  0.117  2.601  0.803 -0.     0.    -0.    -0.001 -0.    -0.001 -0.001]
227,False,False,True,5.192972147239796,[ 0.225  0.467 -0.131 -2.154  0.117  2.601  0.803 -0.     0.    -0.001  0.001 -0.    -0.     0.001]
228,False,False,True,2.8237959803389843,[ 0.225  0.467 -0.131 -2.154  0.117  2.601  0.803  0.001 -0.001  0.     0.001 -0.     0.    -0.   ]
229,False,False,True,2.5403751621723467,[ 0.225  0.467 -0.131 -2.154  0.117  2.601  0.803  0.001  0.     0.001  0.001  0.    -0.     0.001]
230,False,False,True,2.2214325242984234,[ 0.225  0.467 -0.131 -2.154  0.117  2.601  0.803  0.    -0.    -0.001 -0.     0.    -0.     0.001]
231,False,False,True,1.9409150021067154,[ 0.225  0.467 -0.131 -2.154  0.117  2.601  0.803  0.    -0.    -0.001  0.001  0.    -0.    -0.001]
232,False,False,True,3.5276057300959907,[ 0.225  0.467 -0.131 -2.154  0.117  2.601  0.803 -0.     0.001  0.    -0.001  0.    -0.     0.001]
233,False,False,True,3.620113956488741,[ 0.225  0.467 -0.131 -2.154  0.117  2.601  0.803  0.001  0.     0.    -0.001 -0.001  0.    -0.001]
234,False,False,True,2.109460112562864,[ 0.225  0.467 -0.131 -2.154  0.117  2.601  0.803  0.    -0.001 -0.001 -0.    -0.     0.     0.   ]
235,False,False,True,1.5985569314819303,[ 0.225  0.467 -0.131 -2.154  0.117  2.601  0.803 -0.     0.    -0.    -0.     0.     0.     0.   ]
236,False,False,True,1.0199335890856083,[ 0.225  0.467 -0.131 -2.154  0.117  2.601  0.803  0.    -0.    -0.    -0.     0.    -0.     0.   ]
237,False,False,True,1.20020335467696,[ 0.225  0.467 -0.131 -2.154  0.117  2.601  0.803 -0.     0.    -0.    -0.001  0.001 -0.     0.001]
238,False,False,True,1.5762718056460783,[ 0.225  0.467 -0.131 -2.154  0.117  2.601  0.803 -0.     0.001  0.    -0.     0.001 -0.    -0.   ]
239,False,False,True,1.7267751711284542,[ 0.225  0.467 -0.131 -2.154  0.117  2.601  0.803  0.     0.    -0.    -0.001  0.    -0.     0.   ]
240,False,False,True,1.9261832402620356,[ 0.225  0.467 -0.131 -2.154  0.117  2.601  0.803 -0.    -0.    -0.    -0.    -0.     0.    -0.001]
241,False,False,True,2.6495738704904404,[ 0.225  0.467 -0.131 -2.154  0.117  2.601  0.803  0.001 -0.    -0.    -0.001  0.     0.     0.   ]
242,False,False,True,1.827312921703941,[ 0.225  0.467 -0.131 -2.154  0.117  2.601  0.803  0.    -0.     0.001  0.     0.    -0.     0.001]
243,False,False,True,1.5458535862025322,[ 0.225  0.467 -0.131 -2.154  0.117  2.601  0.803 -0.     0.001  0.001 -0.     0.    -0.     0.   ]
244,False,False,True,1.5290469894784156,[ 0.225  0.467 -0.131 -2.154  0.117  2.601  0.803  0.001  0.001 -0.001  0.    -0.     0.    -0.   ]
245,False,False,True,1.6950606455786064,[ 0.225  0.467 -0.131 -2.154  0.117  2.601  0.803  0.001  0.001  0.     0.     0.    -0.    -0.001]
246,False,False,True,1.790414770747739,[ 0.225  0.467 -0.131 -2.154  0.117  2.601  0.803 -0.    -0.     0.001 -0.     0.     0.    -0.001]
247,False,False,True,1.7331513422495048,[ 0.225  0.467 -0.131 -2.154  0.117  2.601  0.803  0.     0.001  0.    -0.     0.     0.    -0.   ]
248,False,False,True,2.311248906289806,[ 0.225  0.467 -0.131 -2.154  0.117  2.601  0.803 -0.002  0.    -0.    -0.    -0.002 -0.     0.001]
249,False,False,True,4.240673534737758,[ 0.225  0.467 -0.131 -2.154  0.117  2.601  0.803 -0.     0.001  0.     0.     0.     0.    -0.001]
250,False,False,False,3.1120102293046887,[ 0.225  0.468 -0.131 -2.154  0.116  2.601  0.803 -0.    -0.001 -0.001 -0.    -0.    -0.    -0.   ]
251,False,False,False,2.7249475306167645,[ 0.225  0.468 -0.131 -2.154  0.116  2.601  0.803  0.001  0.001  0.    -0.    -0.     0.     0.001]
252,False,False,False,14.813235596448463,[ 0.225  0.469 -0.131 -2.154  0.117  2.602  0.803 -0.003  0.02   0.     0.011 -0.002  0.012 -0.001]
253,False,False,False,13.177029278830558,[ 0.225  0.47  -0.131 -2.154  0.117  2.602  0.803  0.     0.025  0.004  0.013  0.     0.015 -0.   ]
254,False,False,False,10.381668652549115,[ 0.225  0.471 -0.13  -2.153  0.117  2.603  0.803  0.     0.023  0.008  0.002 -0.001  0.012 -0.001]
255,False,False,False,15.166794678267703,[ 0.225  0.472 -0.13  -2.153  0.117  2.604  0.803 -0.     0.021  0.004  0.012  0.003  0.014 -0.001]
256,False,False,False,10.890414659481692,[ 0.225  0.473 -0.13  -2.153  0.117  2.604  0.803 -0.     0.024  0.003  0.01   0.     0.008  0.001]
257,False,False,False,11.469695633055544,[ 0.225  0.474 -0.13  -2.152  0.117  2.605  0.803 -0.     0.026  0.004  0.008  0.008  0.016 -0.001]
258,False,False,False,16.53639799046348,[ 0.225  0.475 -0.13  -2.152  0.117  2.605  0.803 -0.001  0.021  0.006  0.012 -0.     0.006 -0.001]
259,False,False,False,17.97511716336848,[ 0.225  0.476 -0.129 -2.152  0.117  2.606  0.803  0.     0.03   0.005  0.011  0.001  0.019  0.001]
260,False,False,False,14.663617564868929,[ 0.225  0.477 -0.129 -2.151  0.117  2.607  0.803 -0.001  0.025  0.006  0.012  0.003  0.013 -0.001]
261,False,False,False,4.994469320922828,[ 0.225  0.478 -0.129 -2.151  0.118  2.607  0.803 -0.001  0.019  0.007  0.008  0.004  0.01   0.001]
262,False,False,False,11.582273974179241,[ 0.225  0.479 -0.129 -2.15   0.118  2.608  0.803 -0.001  0.025  0.003  0.008  0.002  0.017 -0.001]
263,False,False,False,16.562656521700656,[ 0.225  0.48  -0.129 -2.15   0.118  2.609  0.803  0.007  0.031  0.002 -0.013  0.001  0.032  0.002]
264,False,False,False,42.192420495792526,[ 0.225  0.482 -0.129 -2.15   0.118  2.609  0.803 -0.01   0.03   0.002  0.017  0.004  0.013  0.001]
265,False,False,False,29.619873770445157,[ 0.225  0.483 -0.128 -2.149  0.118  2.61   0.803 -0.001  0.026  0.005  0.01   0.003  0.01  -0.   ]
266,False,False,False,15.095836473601112,[ 0.225  0.484 -0.128 -2.149  0.119  2.61   0.803 -0.005  0.026  0.006  0.011  0.011  0.023  0.   ]
267,False,False,False,18.605400705789673,[ 0.225  0.485 -0.128 -2.148  0.119  2.611  0.803 -0.     0.028  0.003  0.013  0.003  0.014 -0.001]
268,False,False,False,10.191346707164602,[ 0.225  0.486 -0.128 -2.148  0.119  2.612  0.803 -0.003  0.028  0.006  0.013  0.003  0.014 -0.   ]
269,False,False,False,4.50143271211143,[ 0.225  0.487 -0.127 -2.147  0.119  2.613  0.803 -0.002  0.029  0.006  0.008  0.002  0.013 -0.001]
270,False,False,False,6.233156998727025,[ 0.225  0.489 -0.127 -2.147  0.119  2.613  0.803  0.     0.031  0.005  0.013  0.002  0.009 -0.   ]
271,False,False,False,14.024935340334343,[ 0.225  0.49  -0.127 -2.146  0.12   2.614  0.803 -0.003  0.034  0.009  0.014  0.005  0.027  0.001]
272,False,False,False,17.2405146732218,[ 0.225  0.491 -0.127 -2.146  0.12   2.615  0.803 -0.003  0.03   0.003  0.014  0.014  0.021 -0.001]
273,False,False,False,11.990490634043503,[ 0.225  0.493 -0.126 -2.145  0.12   2.616  0.803  0.     0.03   0.006  0.013  0.008  0.021 -0.001]
274,False,False,False,2.810907892233048,[ 0.225  0.494 -0.126 -2.145  0.12   2.617  0.803  0.001  0.031  0.008  0.014  0.002  0.024 -0.002]
275,False,False,False,7.321062291142309,[ 0.225  0.496 -0.126 -2.144  0.121  2.617  0.803  0.     0.03   0.008  0.016  0.003  0.019 -0.002]
276,False,False,False,4.18552672975427,[ 0.225  0.497 -0.126 -2.144  0.121  2.618  0.803 -0.002  0.033  0.008  0.013  0.005  0.013 -0.   ]
277,False,False,False,10.647887324801037,[ 0.225  0.498 -0.125 -2.143  0.121  2.619  0.803  0.001  0.041  0.003  0.01   0.01   0.023  0.001]
278,False,False,False,12.46123180232989,[ 0.225  0.5   -0.125 -2.142  0.121  2.62   0.803 -0.     0.035  0.006  0.017  0.015  0.027  0.001]
279,False,False,False,12.423332675469483,[ 0.225  0.501 -0.125 -2.142  0.122  2.621  0.803 -0.001  0.037  0.006  0.013  0.008  0.026  0.001]
280,False,False,False,9.612587612050282,[ 0.225  0.503 -0.125 -2.141  0.122  2.622  0.803 -0.002  0.035  0.004  0.018  0.01   0.019  0.001]
281,False,False,False,9.00914092628998,[ 0.225  0.504 -0.124 -2.14   0.122  2.623  0.803 -0.002  0.036  0.007  0.016  0.004  0.02   0.001]
282,False,False,False,10.376745984240047,[ 0.225  0.506 -0.124 -2.14   0.123  2.624  0.803 -0.     0.037  0.009  0.014  0.014  0.023 -0.001]
283,False,False,False,13.217699459349182,[ 0.225  0.508 -0.124 -2.139  0.123  2.625  0.803  0.002  0.026  0.003  0.02   0.01   0.025 -0.001]
284,False,False,False,13.784211621715844,[ 0.225  0.509 -0.124 -2.139  0.123  2.626  0.803  0.003  0.026  0.004  0.01  -0.     0.029 -0.002]
285,False,False,False,12.402744438894581,[ 0.225  0.51  -0.123 -2.138  0.123  2.626  0.803 -0.003  0.023  0.006 -0.     0.004  0.023 -0.001]
286,False,False,False,20.649270517674594,[ 0.225  0.512 -0.123 -2.138  0.124  2.627  0.803 -0.001  0.038  0.01   0.015  0.008  0.027  0.001]
287,False,False,False,21.13713910485065,[ 0.225  0.513 -0.123 -2.137  0.124  2.628  0.803 -0.     0.036  0.005  0.006  0.002  0.031  0.001]
288,False,False,False,14.248492205859707,[ 0.225  0.515 -0.123 -2.136  0.124  2.629  0.803  0.001  0.035  0.007  0.011  0.005  0.024 -0.   ]
289,False,False,False,4.770136690299629,[ 0.225  0.516 -0.122 -2.136  0.125  2.63   0.803  0.002  0.038  0.011  0.015  0.004  0.021 -0.001]
290,False,False,False,8.51090325883674,[ 0.225  0.518 -0.122 -2.135  0.125  2.631  0.803 -0.003  0.036  0.007  0.014  0.005  0.021  0.005]
291,False,False,False,10.010481147662851,[ 0.225  0.519 -0.122 -2.135  0.125  2.632  0.803  0.     0.034  0.01   0.017  0.002  0.022 -0.001]
292,False,False,False,11.266538643011344,[ 0.225  0.521 -0.122 -2.134  0.125  2.632  0.803  0.001  0.029  0.002  0.009  0.     0.019  0.001]
293,False,False,False,16.273166029609776,[ 0.225  0.522 -0.121 -2.134  0.126  2.633  0.803  0.001  0.033  0.006  0.019  0.009  0.019  0.002]
294,False,False,False,16.69835127221191,[ 0.225  0.523 -0.121 -2.133  0.126  2.634  0.803  0.001  0.023  0.006  0.015  0.002  0.021  0.001]
295,False,False,False,11.42199375683218,[ 0.225  0.524 -0.121 -2.132  0.126  2.635  0.803 -0.001  0.028  0.003  0.013  0.001  0.019  0.001]
296,False,False,False,4.930625934753345,[ 0.224  0.526 -0.121 -2.132  0.126  2.636  0.803 -0.001  0.032  0.006  0.008  0.003  0.012 -0.001]
297,False,False,False,9.830558729058602,[ 0.224  0.527 -0.12  -2.131  0.126  2.636  0.803 -0.003  0.033  0.002  0.013  0.004  0.014  0.002]
298,False,False,False,7.333703730276132,[ 0.224  0.528 -0.12  -2.131  0.127  2.637  0.803 -0.001  0.032  0.004  0.011  0.007  0.018  0.001]
299,False,False,False,6.71615601901558,[ 0.224  0.529 -0.12  -2.13   0.127  2.638  0.803 -0.     0.027  0.004  0.012  0.004  0.015  0.   ]
300,False,True,False,17.410469186297135,[ 0.224  0.532 -0.12  -2.129  0.127  2.64   0.803 -0.    -0.    -0.     0.002  0.     0.     0.   ]
301,False,True,False,19.55743873613563,[ 0.224  0.532 -0.12  -2.129  0.127  2.64   0.803 -0.001 -0.002 -0.    -0.    -0.     0.     0.   ]
302,False,True,False,41.85331443758416,[ 0.224  0.534 -0.119 -2.128  0.127  2.639  0.803 -0.037  0.031  0.009  0.042 -0.004 -0.011 -0.004]
303,False,True,False,46.24557531385171,[ 0.223  0.535 -0.119 -2.126  0.127  2.639  0.803 -0.019  0.027  0.008  0.059 -0.004 -0.     0.   ]
304,False,True,False,28.219089126383246,[ 0.222  0.536 -0.118 -2.124  0.127  2.639  0.803 -0.018  0.026  0.015  0.044 -0.014 -0.012 -0.001]
305,False,True,False,18.83027615131462,[ 0.221  0.537 -0.118 -2.122  0.126  2.638  0.803 -0.024  0.027  0.017  0.048 -0.006 -0.01   0.001]
306,False,True,False,9.584275699774459,[ 0.22   0.538 -0.117 -2.12   0.126  2.638  0.803 -0.024  0.03   0.009  0.046 -0.006 -0.005 -0.001]
307,False,True,False,10.893410154741282,[ 0.219  0.539 -0.117 -2.118  0.125  2.637  0.803 -0.025  0.027  0.009  0.047 -0.007 -0.014  0.001]
308,False,True,False,9.467222169834526,[ 0.218  0.54  -0.116 -2.116  0.125  2.637  0.803 -0.022  0.028  0.013  0.046 -0.011 -0.01  -0.001]
309,False,True,False,6.976472360265678,[ 0.218  0.541 -0.115 -2.114  0.125  2.636  0.803 -0.022  0.029  0.01   0.048 -0.017 -0.013  0.   ]
310,False,True,False,14.189271050226665,[ 0.217  0.542 -0.115 -2.112  0.124  2.636  0.803 -0.027  0.026  0.017  0.046 -0.006 -0.007  0.   ]
311,False,True,False,15.988023685493918,[ 0.216  0.543 -0.114 -2.111  0.124  2.636  0.803 -0.022  0.023  0.008  0.04  -0.01  -0.01  -0.   ]
312,False,True,False,13.77461375921626,[ 0.215  0.545 -0.114 -2.109  0.123  2.635  0.803 -0.023  0.025  0.014  0.048 -0.009 -0.012 -0.   ]
313,False,True,False,7.896944236448265,[ 0.214  0.546 -0.113 -2.107  0.123  2.635  0.803 -0.024  0.027  0.013  0.047 -0.006 -0.017 -0.   ]
314,False,True,False,10.335991065751587,[ 0.213  0.547 -0.113 -2.105  0.122  2.634  0.803 -0.023  0.029  0.016  0.049 -0.012 -0.01  -0.001]
315,False,True,False,5.8128014564415835,[ 0.212  0.548 -0.112 -2.103  0.122  2.634  0.803 -0.021  0.03   0.021  0.05  -0.012 -0.008 -0.001]
316,False,True,False,10.25658886067864,[ 0.211  0.549 -0.111 -2.1    0.121  2.633  0.803 -0.025  0.024  0.013  0.056 -0.007 -0.009 -0.001]
317,False,True,False,15.725322889931908,[ 0.21   0.55  -0.111 -2.098  0.121  2.633  0.803 -0.018  0.03   0.013  0.055 -0.019 -0.013  0.001]
318,False,True,False,16.54520011904668,[ 0.209  0.552 -0.11  -2.096  0.12   2.632  0.803 -0.025  0.023  0.017  0.053 -0.013 -0.013 -0.   ]
319,False,True,False,11.251653928848187,[ 0.208  0.553 -0.109 -2.094  0.12   2.632  0.803 -0.026  0.03   0.015  0.055 -0.009 -0.011 -0.001]
320,False,True,False,5.667410669499019,[ 0.207  0.554 -0.109 -2.091  0.119  2.631  0.803 -0.027  0.037  0.015  0.059 -0.01  -0.014  0.001]
321,False,True,False,4.59830102771613,[ 0.206  0.556 -0.108 -2.089  0.119  2.631  0.803 -0.026  0.038  0.018  0.064 -0.014 -0.015  0.001]
322,False,True,False,6.92365830410774,[ 0.205  0.557 -0.107 -2.086  0.118  2.63   0.803 -0.025  0.042  0.017  0.062 -0.012 -0.016  0.001]
323,False,True,False,26.06657899485577,[ 0.204  0.559 -0.106 -2.084  0.117  2.629  0.803 -0.021  0.03   0.021  0.067 -0.045 -0.029 -0.006]
324,False,True,False,48.64459232356492,[ 0.203  0.56  -0.106 -2.081  0.117  2.629  0.803 -0.028  0.03   0.016  0.057 -0.009 -0.017 -0.001]
325,False,True,False,30.835784530082428,[ 0.201  0.562 -0.105 -2.079  0.116  2.628  0.803 -0.033  0.035  0.019  0.067 -0.016 -0.011  0.001]
326,False,True,False,13.071072657821226,[ 0.2    0.564 -0.104 -2.076  0.116  2.628  0.803 -0.031  0.045  0.018  0.067 -0.012 -0.017  0.001]
327,False,True,False,10.94487602176253,[ 0.199  0.565 -0.103 -2.073  0.115  2.627  0.803 -0.036  0.042  0.018  0.069 -0.014 -0.013  0.   ]
328,False,True,True,27.97982359506729,[ 0.199  0.566 -0.103 -2.073  0.115  2.627  0.803 -0.011  0.018  0.009  0.051 -0.032 -0.01  -0.002]
329,False,True,True,27.235337348551283,[ 0.199  0.566 -0.103 -2.073  0.115  2.627  0.803 -0.011  0.018  0.009  0.051 -0.032 -0.01  -0.002]
330,False,True,True,0.0,[ 0.199  0.566 -0.103 -2.073  0.115  2.627  0.803 -0.011  0.018  0.009  0.051 -0.032 -0.01  -0.002]
331,False,True,True,0.0,[ 0.199  0.566 -0.103 -2.073  0.115  2.627  0.803 -0.011  0.018  0.009  0.051 -0.032 -0.01  -0.002]
332,False,True,True,0.0,[ 0.199  0.566 -0.103 -2.073  0.115  2.627  0.803 -0.011  0.018  0.009  0.051 -0.032 -0.01  -0.002]
333,False,True,True,44.36056007926255,[ 0.198  0.566 -0.103 -2.07   0.115  2.627  0.803 -0.005 -0.01  -0.003  0.003  0.005  0.01   0.001]
334,False,True,True,48.9621487622506,[ 0.199  0.566 -0.103 -2.07   0.115  2.627  0.803 -0.002 -0.001  0.002 -0.001  0.     0.     0.001]
335,False,True,True,10.37042121884812,[ 0.199  0.566 -0.103 -2.07   0.115  2.627  0.803 -0.001 -0.001 -0.002 -0.003 -0.    -0.    -0.   ]
336,False,True,True,4.474289504842859,[ 0.199  0.566 -0.103 -2.07   0.115  2.627  0.803  0.    -0.001 -0.     0.     0.     0.    -0.002]
337,False,True,True,3.0645061646497265,[ 0.199  0.566 -0.103 -2.07   0.115  2.627  0.803 -0.001 -0.001 -0.001  0.001 -0.    -0.    -0.   ]
338,False,True,True,2.4632468027755507,[ 0.199  0.566 -0.103 -2.07   0.115  2.627  0.803 -0.001 -0.001 -0.001 -0.001  0.    -0.     0.001]
339,False,True,True,3.2973780473975,[ 0.199  0.566 -0.103 -2.07   0.115  2.627  0.803  0.001 -0.001  0.001  0.001 -0.    -0.    -0.   ]
340,False,True,True,3.5615952486654714,[ 0.199  0.566 -0.103 -2.07   0.115  2.627  0.803  0.     0.001 -0.002  0.001 -0.    -0.    -0.001]
341,False,True,True,2.8412768151617565,[ 0.199  0.566 -0.103 -2.07   0.115  2.627  0.803  0.001  0.001 -0.    -0.     0.    -0.     0.001]
342,False,True,True,2.223345868448363,[ 0.199  0.566 -0.103 -2.07   0.115  2.627  0.803  0.     0.001  0.     0.    -0.     0.    -0.   ]
343,False,True,True,1.8041363557426684,[ 0.199  0.566 -0.103 -2.07   0.115  2.627  0.803  0.001  0.     0.001 -0.    -0.    -0.    -0.   ]
344,False,True,True,2.2935187298032567,[ 0.199  0.566 -0.103 -2.07   0.115  2.627  0.803  0.    -0.001  0.     0.001 -0.001  0.    -0.002]
345,False,True,True,2.402066056077393,[ 0.199  0.566 -0.103 -2.07   0.115  2.627  0.803 -0.001 -0.001 -0.     0.    -0.    -0.    -0.001]
346,False,True,True,2.354606157023285,[ 0.199  0.566 -0.103 -2.07   0.115  2.627  0.803 -0.     0.    -0.     0.     0.001 -0.    -0.001]
347,False,True,True,2.946568676178428,[ 0.199  0.566 -0.103 -2.07   0.115  2.627  0.803 -0.001 -0.001 -0.    -0.    -0.     0.    -0.006]
348,False,True,True,6.09320158121092,[ 0.199  0.566 -0.103 -2.07   0.115  2.627  0.803 -0.     0.001 -0.    -0.    -0.     0.    -0.   ]
349,False,True,True,3.5596499708933678,[ 0.199  0.566 -0.103 -2.07   0.115  2.627  0.803  0.002 -0.001  0.001 -0.     0.    -0.     0.001]
350,False,True,False,4.529498658475215,[ 0.199  0.566 -0.103 -2.07   0.115  2.627  0.803  0.     0.     0.     0.001 -0.     0.    -0.002]
351,False,True,False,27.874095543378562,[ 0.197  0.566 -0.102 -2.07   0.115  2.627  0.803 -0.03   0.011  0.025  0.008 -0.02   0.003 -0.001]
352,False,True,False,27.43939238784786,[ 0.196  0.566 -0.101 -2.069  0.114  2.626  0.803 -0.032  0.002  0.029  0.012 -0.035 -0.011  0.   ]
353,False,True,False,20.565213581890326,[ 0.194  0.566 -0.1   -2.069  0.113  2.626  0.803 -0.04  -0.001  0.021  0.01  -0.021 -0.024  0.001]
354,False,True,False,21.0004155541002,[ 0.192  0.566 -0.099 -2.069  0.112  2.625  0.803 -0.037 -0.001  0.022  0.011 -0.026 -0.014  0.001]
355,False,True,False,9.183530506405559,[ 0.191  0.566 -0.098 -2.068  0.111  2.624  0.803 -0.04   0.003  0.025  0.01  -0.024 -0.014 -0.   ]
356,False,True,False,11.3876785777194,[ 0.189  0.566 -0.097 -2.068  0.11   2.623  0.803 -0.041 -0.004  0.014  0.015 -0.02  -0.017  0.001]
357,False,True,False,14.359154927890952,[ 0.187  0.565 -0.096 -2.068  0.109  2.623  0.803 -0.041 -0.009  0.018  0.009 -0.026 -0.008 -0.   ]
358,False,True,False,13.319808996308591,[ 0.186  0.565 -0.096 -2.067  0.108  2.622  0.803 -0.045 -0.004  0.018  0.011 -0.03  -0.015 -0.001]
359,False,True,False,13.107703711753608,[ 0.184  0.565 -0.095 -2.067  0.107  2.622  0.803 -0.038 -0.009  0.024  0.009 -0.022 -0.022 -0.001]
360,False,True,False,15.08416889778021,[ 0.182  0.564 -0.094 -2.066  0.106  2.621  0.803 -0.035 -0.006  0.025  0.013 -0.027 -0.013 -0.002]
361,False,True,False,15.089928093333734,[ 0.181  0.564 -0.093 -2.066  0.105  2.62   0.803 -0.044 -0.004  0.018  0.004 -0.029 -0.019 -0.001]
362,False,True,False,16.809714098141544,[ 0.179  0.564 -0.092 -2.065  0.104  2.619  0.803 -0.038 -0.009  0.021  0.012 -0.027 -0.018 -0.   ]
363,False,True,False,8.20787032671078,[ 0.177  0.563 -0.091 -2.065  0.102  2.619  0.803 -0.04  -0.008  0.024  0.012 -0.024 -0.019 -0.001]
364,False,True,False,5.318899875665722,[ 0.175  0.563 -0.09  -2.065  0.101  2.618  0.803 -0.045 -0.007  0.022  0.009 -0.023 -0.017  0.001]
365,False,True,False,11.11409246283233,[ 0.174  0.563 -0.089 -2.064  0.1    2.617  0.803 -0.038 -0.007  0.029  0.011 -0.027 -0.019 -0.   ]
366,False,True,False,12.922117518181297,[ 0.172  0.562 -0.088 -2.064  0.099  2.616  0.803 -0.045 -0.009  0.023  0.013 -0.034 -0.016  0.001]
367,False,True,False,10.490572220849506,[ 0.17   0.562 -0.088 -2.063  0.098  2.616  0.803 -0.044 -0.011  0.023  0.013 -0.031 -0.023  0.   ]
368,False,True,False,8.843361740788184,[ 0.168  0.562 -0.086 -2.063  0.097  2.615  0.803 -0.051 -0.014  0.027  0.015 -0.032 -0.021  0.001]
369,False,True,False,12.31070138000299,[ 0.166  0.561 -0.085 -2.062  0.095  2.614  0.803 -0.044 -0.005  0.029  0.013 -0.033 -0.014 -0.001]
370,False,True,False,14.819678657065268,[ 0.164  0.561 -0.084 -2.061  0.094  2.613  0.803 -0.053 -0.011  0.029  0.012 -0.033 -0.016  0.001]
371,False,True,False,6.712920251232381,[ 0.162  0.561 -0.083 -2.061  0.093  2.612  0.803 -0.057 -0.01   0.023  0.012 -0.034 -0.017 -0.   ]
372,False,True,False,12.526771724931425,[ 0.159  0.56  -0.081 -2.06   0.091  2.611  0.803 -0.05  -0.004  0.031  0.011 -0.043 -0.023 -0.   ]
373,False,True,False,16.697854186437525,[ 0.157  0.56  -0.08  -2.06   0.09   2.61   0.803 -0.05  -0.006  0.027  0.014 -0.033 -0.02  -0.001]
374,False,True,False,11.999549347489857,[ 0.155  0.559 -0.079 -2.059  0.088  2.609  0.803 -0.06  -0.008  0.032  0.015 -0.037 -0.019 -0.   ]
375,False,True,False,12.558352404321305,[ 0.152  0.559 -0.078 -2.059  0.087  2.609  0.803 -0.056 -0.013  0.035  0.016 -0.035 -0.032  0.   ]
376,False,True,False,18.280315404457056,[ 0.15   0.559 -0.076 -2.058  0.086  2.608  0.803 -0.059 -0.009  0.032  0.017 -0.037 -0.019 -0.001]
377,False,True,False,13.282950255312562,[ 0.148  0.558 -0.075 -2.057  0.084  2.607  0.803 -0.059 -0.01   0.031  0.013 -0.035 -0.024 -0.   ]
378,False,True,False,8.025404783182134,[ 0.145  0.558 -0.074 -2.057  0.083  2.606  0.803 -0.058 -0.008  0.029  0.015 -0.041 -0.022  0.   ]
379,False,True,False,8.073963183833571,[ 0.142  0.557 -0.072 -2.056  0.081  2.604  0.803 -0.058 -0.007  0.032  0.019 -0.036 -0.023 -0.001]
380,False,True,False,10.572140273026498,[ 0.14   0.557 -0.071 -2.055  0.079  2.603  0.803 -0.057 -0.01   0.037  0.016 -0.044 -0.021  0.   ]
381,False,True,False,13.820214967755806,[ 0.138  0.557 -0.07  -2.055  0.078  2.602  0.803 -0.06  -0.01   0.035  0.018 -0.038 -0.03  -0.001]
382,False,True,False,9.114517195771944,[ 0.135  0.556 -0.068 -2.054  0.076  2.601  0.803 -0.058 -0.014  0.034  0.015 -0.037 -0.029  0.   ]
383,False,True,False,10.07523520813326,[ 0.132  0.556 -0.067 -2.053  0.075  2.6    0.803 -0.061 -0.007  0.029  0.016 -0.04  -0.022 -0.   ]
384,False,True,False,13.650440865955433,[ 0.13   0.555 -0.066 -2.053  0.073  2.599  0.803 -0.063 -0.011  0.034  0.018 -0.039 -0.029  0.   ]
385,False,True,False,11.588157602215688,[ 0.127  0.555 -0.064 -2.052  0.072  2.598  0.803 -0.059 -0.012  0.033  0.014 -0.044 -0.023 -0.   ]
386,False,True,False,9.65610581230279,[ 0.125  0.554 -0.063 -2.051  0.07   2.597  0.803 -0.061 -0.011  0.036  0.014 -0.037 -0.02   0.001]
387,False,True,False,14.58715413913725,[ 0.122  0.554 -0.062 -2.051  0.068  2.596  0.803 -0.067 -0.008  0.018  0.023 -0.023 -0.017  0.001]
388,False,True,False,27.835493609834323,[ 0.12   0.553 -0.06  -2.05   0.067  2.595  0.803 -0.061 -0.012  0.031  0.015 -0.03  -0.025  0.   ]
389,False,True,False,12.163675614569787,[ 0.117  0.553 -0.059 -2.049  0.065  2.594  0.803 -0.056 -0.015  0.032  0.017 -0.043 -0.022  0.   ]
390,False,True,False,13.116947587771154,[ 0.115  0.552 -0.058 -2.049  0.064  2.593  0.803 -0.05  -0.007  0.029  0.018 -0.039 -0.023  0.   ]
391,False,True,False,12.899380898606966,[ 0.113  0.552 -0.056 -2.048  0.062  2.592  0.803 -0.057 -0.01   0.034  0.017 -0.04  -0.032  0.001]
392,False,True,False,15.714848764183307,[ 0.11   0.551 -0.055 -2.047  0.061  2.591  0.803 -0.055 -0.01   0.032  0.014 -0.033 -0.02   0.   ]
393,False,True,False,9.60674382413687,[ 0.108  0.551 -0.054 -2.047  0.06   2.59   0.803 -0.057 -0.01   0.026  0.017 -0.032 -0.02   0.   ]
394,False,True,False,5.944408693912501,[ 0.106  0.55  -0.053 -2.046  0.058  2.59   0.803 -0.052 -0.009  0.024  0.015 -0.033 -0.022  0.   ]
395,False,True,False,7.00973649508753,[ 0.104  0.55  -0.052 -2.046  0.057  2.589  0.803 -0.052 -0.008  0.03   0.015 -0.032 -0.02  -0.   ]
396,False,True,False,8.538061799253367,[ 0.102  0.55  -0.05  -2.045  0.056  2.588  0.803 -0.044 -0.006  0.026  0.014 -0.031 -0.019  0.   ]
397,False,True,False,10.381674226520174,[ 0.1    0.549 -0.049 -2.045  0.054  2.587  0.803 -0.046 -0.005  0.033  0.016 -0.037 -0.019  0.001]
398,False,True,False,14.171619308798878,[ 0.098  0.549 -0.048 -2.044  0.053  2.586  0.803 -0.046 -0.001  0.025  0.008 -0.032 -0.019  0.   ]
399,False,True,False,13.274493613479681,[ 0.096  0.549 -0.047 -2.044  0.052  2.585  0.803 -0.039 -0.008  0.024  0.014 -0.03  -0.018  0.002]
400,False,True,False,18.59129315191267,[ 0.094  0.548 -0.046 -2.043  0.051  2.585  0.803 -0.032 -0.003  0.002  0.011 -0.015 -0.013  0.002]
401,False,True,False,33.73724992751086,[ 0.092  0.548 -0.045 -2.043  0.05   2.584  0.803 -0.033 -0.005  0.029 -0.009 -0.005 -0.009  0.   ]
402,False,True,False,31.431634822573496,[ 0.091  0.547 -0.044 -2.044  0.049  2.584  0.803 -0.038 -0.026  0.018 -0.019 -0.018 -0.005  0.001]
403,False,True,False,29.950186385918844,[ 0.09   0.547 -0.044 -2.044  0.048  2.584  0.803 -0.026 -0.007  0.018 -0.018 -0.019  0.006  0.001]
404,False,True,False,23.10501061307703,[ 0.088  0.546 -0.043 -2.045  0.048  2.584  0.803 -0.033 -0.013  0.021 -0.013 -0.02  -0.     0.001]
405,False,True,False,9.951676327133605,[ 0.087  0.546 -0.042 -2.046  0.047  2.584  0.803 -0.034 -0.01   0.017 -0.012 -0.017 -0.    -0.   ]
406,False,True,False,4.870822208635044,[ 0.086  0.545 -0.041 -2.046  0.046  2.584  0.803 -0.034 -0.012  0.019 -0.012 -0.015  0.     0.   ]
407,False,True,False,8.58305165203689,[ 0.084  0.545 -0.041 -2.047  0.045  2.584  0.803 -0.034 -0.016  0.017 -0.013 -0.025 -0.    -0.002]
408,False,True,False,14.857885232850748,[ 0.083  0.545 -0.04  -2.047  0.045  2.584  0.803 -0.029 -0.011  0.014 -0.013 -0.015  0.001  0.   ]
409,False,True,False,12.402987498851992,[ 0.082  0.544 -0.039 -2.048  0.044  2.584  0.803 -0.027 -0.01   0.017 -0.015 -0.021 -0.003 -0.001]
410,False,True,False,9.03347441335182,[ 0.08   0.544 -0.038 -2.048  0.043  2.584  0.803 -0.03  -0.012  0.018 -0.011 -0.018  0.    -0.001]
411,False,True,False,9.102456608982036,[ 0.079  0.543 -0.037 -2.049  0.042  2.584  0.803 -0.031 -0.012  0.019 -0.012 -0.028 -0.002 -0.001]
412,False,True,False,14.534286842216757,[ 0.078  0.542 -0.037 -2.049  0.042  2.584  0.803 -0.035 -0.017  0.021 -0.017 -0.016 -0.003 -0.   ]
413,False,True,False,15.460825300935706,[ 0.076  0.542 -0.036 -2.05   0.041  2.584  0.803 -0.03  -0.016  0.02  -0.016 -0.023 -0.     0.001]
414,False,True,False,9.363717249046006,[ 0.075  0.541 -0.035 -2.051  0.04   2.584  0.803 -0.03  -0.015  0.023 -0.016 -0.018  0.001  0.001]
415,False,True,False,6.105590289989915,[ 0.073  0.54  -0.034 -2.051  0.039  2.584  0.803 -0.033 -0.016  0.026 -0.014 -0.021  0.    -0.001]
416,False,True,False,4.290136999237515,[ 0.072  0.54  -0.033 -2.052  0.038  2.584  0.803 -0.036 -0.017  0.025 -0.015 -0.023 -0.003  0.001]
417,False,True,False,5.630184680799716,[ 0.07   0.539 -0.032 -2.052  0.038  2.584  0.803 -0.033 -0.014  0.02  -0.013 -0.02  -0.004  0.001]
418,False,True,False,7.954175132202872,[ 0.069  0.538 -0.031 -2.053  0.037  2.584  0.803 -0.033 -0.018  0.021 -0.018 -0.022 -0.001  0.001]
419,False,True,False,5.230903768654816,[ 0.067  0.537 -0.03  -2.054  0.036  2.584  0.803 -0.036 -0.017  0.022 -0.018 -0.027  0.001 -0.001]
420,False,True,False,6.770641793434006,[ 0.065  0.537 -0.029 -2.054  0.035  2.583  0.803 -0.035 -0.013  0.027 -0.017 -0.023  0.    -0.   ]
421,False,True,False,8.873538193764446,[ 0.064  0.536 -0.028 -2.055  0.034  2.583  0.803 -0.043 -0.016  0.029 -0.017 -0.028  0.001  0.001]
422,False,True,False,9.290440937083712,[ 0.062  0.535 -0.027 -2.056  0.033  2.583  0.803 -0.042 -0.019  0.02  -0.017 -0.027  0.001  0.001]
423,False,True,False,35.91137448133093,[ 0.06   0.534 -0.026 -2.057  0.032  2.583  0.803 -0.069 -0.03   0.024 -0.004 -0.002 -0.037  0.001]
424,False,True,False,67.69436265074056,[ 0.058  0.534 -0.025 -2.057  0.03   2.583  0.803 -0.055 -0.032  0.021 -0.024 -0.033 -0.001 -0.003]
425,False,True,False,38.83269736654626,[ 0.056  0.533 -0.024 -2.058  0.029  2.583  0.803 -0.043 -0.009  0.019 -0.017 -0.026  0.004 -0.001]
426,False,True,False,21.087185042022092,[ 0.054  0.532 -0.022 -2.059  0.028  2.583  0.803 -0.055 -0.002  0.03  -0.014 -0.012 -0.001 -0.004]
427,False,True,False,33.55844396298047,[ 0.052  0.531 -0.021 -2.06   0.027  2.583  0.803 -0.046 -0.022  0.031 -0.022 -0.037 -0.001 -0.001]
428,False,True,False,28.659838820948373,[ 0.05   0.53  -0.02  -2.061  0.026  2.583  0.803 -0.048 -0.015  0.032 -0.015 -0.03  -0.003  0.001]
429,False,True,False,13.509618006420544,[ 0.048  0.529 -0.019 -2.061  0.025  2.583  0.803 -0.05  -0.023  0.033 -0.019 -0.031  0.     0.001]
430,False,True,False,6.788351185462462,[ 0.046  0.528 -0.017 -2.062  0.023  2.583  0.803 -0.053 -0.024  0.03  -0.018 -0.031 -0.     0.   ]
431,False,True,False,6.531593678963287,[ 0.044  0.527 -0.016 -2.063  0.022  2.582  0.803 -0.049 -0.023  0.028 -0.021 -0.026  0.001  0.001]
432,False,True,False,7.924390574364604,[ 0.042  0.526 -0.015 -2.064  0.021  2.582  0.803 -0.053 -0.024  0.029 -0.023 -0.029 -0.001  0.001]
433,False,True,False,7.496534843317775,[ 0.04   0.525 -0.014 -2.065  0.02   2.582  0.803 -0.048 -0.025  0.024 -0.022 -0.03   0.002  0.   ]
434,False,True,False,12.217426279008707,[ 0.038  0.524 -0.013 -2.065  0.019  2.582  0.803 -0.05  -0.017  0.033 -0.022 -0.029 -0.001 -0.001]
435,False,True,False,11.819552110853355,[ 0.036  0.524 -0.011 -2.066  0.017  2.582  0.803 -0.049 -0.023  0.032 -0.018 -0.027 -0.002 -0.   ]
436,False,True,False,6.751775366501833,[ 0.033  0.523 -0.01  -2.067  0.016  2.582  0.803 -0.051 -0.021  0.032 -0.019 -0.03  -0.002 -0.001]
437,False,True,False,12.823422969397678,[ 0.031  0.522 -0.009 -2.068  0.015  2.582  0.803 -0.036 -0.018  0.03  -0.013 -0.026 -0.003  0.   ]
438,False,True,False,23.664069292566666,[ 0.029  0.521 -0.008 -2.069  0.014  2.582  0.803 -0.054 -0.012  0.029 -0.017 -0.021  0.009  0.002]
439,False,True,False,24.984764440971006,[ 0.027  0.52  -0.007 -2.069  0.013  2.582  0.803 -0.048 -0.019  0.026 -0.015 -0.032 -0.    -0.   ]
440,False,True,False,15.176271661164094,[ 0.025  0.519 -0.005 -2.07   0.011  2.582  0.803 -0.046 -0.019  0.032 -0.022 -0.026 -0.004 -0.   ]
441,False,True,False,13.192376828613952,[ 0.023  0.518 -0.004 -2.071  0.01   2.581  0.803 -0.043 -0.014  0.033 -0.017 -0.035 -0.     0.   ]
442,False,True,False,18.703436617971917,[ 0.021  0.518 -0.003 -2.072  0.009  2.581  0.803 -0.046 -0.022  0.028 -0.02  -0.021 -0.006  0.001]
443,False,True,False,21.410567943357936,[ 0.02   0.517 -0.002 -2.072  0.009  2.581  0.803 -0.05  -0.017  0.032 -0.02  -0.034  0.001 -0.   ]
444,False,True,False,20.688967529609368,[ 0.018  0.516 -0.001 -2.073  0.007  2.581  0.803 -0.045 -0.014  0.022 -0.013 -0.021 -0.001 -0.001]
445,False,True,False,19.277327737206743,[ 0.016  0.515  0.    -2.074  0.006  2.581  0.803 -0.049 -0.022  0.02  -0.017 -0.032 -0.004 -0.001]
446,False,True,False,18.3481859514773,[ 0.014  0.514  0.001 -2.074  0.005  2.581  0.803 -0.039 -0.017  0.026 -0.015 -0.022 -0.003 -0.   ]
447,False,True,False,8.943695329489945,[ 0.013  0.514  0.002 -2.075  0.004  2.581  0.803 -0.027 -0.014  0.027 -0.012 -0.025 -0.001  0.   ]
448,False,True,False,19.30957844858247,[ 0.011  0.513  0.003 -2.076  0.003  2.581  0.803 -0.043 -0.007  0.028 -0.008 -0.019  0.     0.002]
449,False,True,False,22.386964852203683,[ 0.01   0.512  0.004 -2.076  0.003  2.581  0.803 -0.032 -0.015  0.023 -0.015 -0.026 -0.     0.001]
450,False,True,False,13.9560706755488,[ 0.008  0.511  0.005 -2.077  0.002  2.581  0.803 -0.031 -0.013  0.023 -0.014 -0.018 -0.002 -0.   ]
451,False,True,False,15.819342967663482,[ 0.006  0.511  0.006 -2.078  0.001  2.581  0.803 -0.048 -0.018  0.029 -0.019 -0.024 -0.003 -0.   ]
452,False,True,False,35.4893424690326,[ 0.004  0.51   0.007 -2.079 -0.     2.58   0.803 -0.059 -0.062  0.033 -0.054 -0.054  0.001 -0.004]
453,False,True,False,88.69472633233461,[ 0.002  0.509  0.009 -2.079 -0.001  2.58   0.803 -0.041 -0.017  0.029 -0.012 -0.014  0.     0.001]
454,False,True,False,51.37325589606397,[ 0.     0.508  0.01  -2.08  -0.002  2.58   0.803 -0.047 -0.016  0.027 -0.017 -0.018 -0.005  0.   ]
455,False,True,False,10.746175727982973,[-0.001  0.508  0.011 -2.081 -0.003  2.58   0.803 -0.04  -0.015  0.031 -0.02  -0.024 -0.     0.001]
456,False,True,False,12.05203366924752,[-0.003  0.507  0.012 -2.082 -0.004  2.58   0.803 -0.04  -0.013  0.021 -0.02  -0.02  -0.    -0.001]
457,False,True,False,9.492389927834225,[-0.005  0.506  0.013 -2.082 -0.005  2.58   0.803 -0.039 -0.019  0.023 -0.019 -0.02  -0.003 -0.001]
458,False,True,False,7.6017884848728725,[-0.007  0.505  0.014 -2.083 -0.005  2.58   0.803 -0.04  -0.016  0.031 -0.017 -0.019 -0.001 -0.   ]
459,False,True,False,9.032897518391348,[-0.008  0.505  0.015 -2.084 -0.006  2.579  0.803 -0.04  -0.013  0.025 -0.017 -0.016 -0.001 -0.   ]
460,False,True,False,12.369926906520902,[-0.01   0.504  0.016 -2.084 -0.007  2.579  0.803 -0.042 -0.024  0.027 -0.018 -0.024 -0.004 -0.002]
461,False,True,False,12.010636449915967,[-0.012  0.503  0.018 -2.085 -0.008  2.579  0.803 -0.041 -0.025  0.024 -0.016 -0.019 -0.001  0.001]
462,False,True,False,13.864550055466358,[-0.014  0.502  0.019 -2.086 -0.009  2.579  0.803 -0.041 -0.021  0.036 -0.023 -0.024 -0.005 -0.001]
463,False,True,False,16.092298111977627,[-0.016  0.501  0.02  -2.087 -0.01   2.579  0.803 -0.043 -0.024  0.027 -0.017 -0.037 -0.008  0.   ]
464,False,True,False,16.93146384369782,[-0.018  0.5    0.021 -2.088 -0.011  2.579  0.803 -0.048 -0.023  0.034 -0.022 -0.031 -0.005 -0.001]
465,False,True,False,8.234804969459104,[-0.02   0.499  0.023 -2.088 -0.012  2.579  0.803 -0.046 -0.024  0.031 -0.024 -0.025 -0.    -0.   ]
466,False,True,False,10.333319563568809,[-0.022  0.498  0.024 -2.089 -0.013  2.578  0.803 -0.052 -0.022  0.027 -0.022 -0.028 -0.005 -0.   ]
467,False,True,False,10.54405095650014,[-0.024  0.497  0.025 -2.09  -0.014  2.578  0.803 -0.052 -0.026  0.034 -0.022 -0.029  0.     0.001]
468,False,True,False,9.958407880443627,[-0.026  0.496  0.026 -2.091 -0.015  2.578  0.803 -0.056 -0.029  0.027 -0.021 -0.031 -0.004  0.   ]
469,False,True,False,11.208901726360141,[-0.029  0.495  0.028 -2.092 -0.016  2.578  0.803 -0.059 -0.024  0.036 -0.022 -0.029 -0.011  0.   ]
470,False,True,False,25.613282400429014,[-0.031  0.494  0.03  -2.093 -0.018  2.578  0.803 -0.047  0.006  0.048 -0.003 -0.01  -0.006  0.002]
471,False,True,False,58.00930148211532,[-0.033  0.493  0.031 -2.094 -0.019  2.577  0.803 -0.05  -0.028  0.04  -0.026 -0.037 -0.008 -0.001]
472,False,True,False,32.33271913577414,[-0.036  0.492  0.033 -2.095 -0.02   2.577  0.803 -0.054 -0.024  0.039 -0.026 -0.037 -0.007 -0.002]
473,False,True,False,8.565187188069336,[-0.038  0.491  0.034 -2.096 -0.021  2.577  0.803 -0.056 -0.029  0.036 -0.025 -0.028 -0.01  -0.001]
474,False,True,False,12.955134690900264,[-0.041  0.49   0.036 -2.097 -0.023  2.577  0.803 -0.062 -0.029  0.047 -0.026 -0.03  -0.009  0.   ]
475,False,True,False,15.688058838705421,[-0.044  0.488  0.038 -2.098 -0.024  2.576  0.803 -0.06  -0.029  0.037 -0.024 -0.027 -0.003  0.001]
476,False,True,False,12.227280968660192,[-0.046  0.487  0.04  -2.099 -0.025  2.576  0.803 -0.064 -0.036  0.04  -0.025 -0.032 -0.003 -0.001]
477,False,True,False,8.744614734397981,[-0.049  0.486  0.041 -2.1   -0.027  2.576  0.803 -0.062 -0.032  0.04  -0.027 -0.036 -0.007 -0.   ]
478,False,True,False,9.28360609417425,[-0.052  0.484  0.043 -2.101 -0.028  2.576  0.803 -0.065 -0.031  0.033 -0.024 -0.032 -0.003 -0.   ]
479,False,True,False,15.794894758794696,[-0.055  0.483  0.045 -2.103 -0.029  2.576  0.803 -0.071 -0.033  0.048 -0.025 -0.036 -0.008 -0.   ]
480,False,True,False,22.00453901168558,[-0.058  0.481  0.047 -2.104 -0.031  2.575  0.803 -0.053 -0.025  0.041 -0.035 -0.039 -0.006  0.   ]
481,False,True,False,29.147047372397605,[-0.06   0.48   0.048 -2.105 -0.032  2.575  0.803 -0.07  -0.021  0.05  -0.026 -0.028  0.002 -0.008]
482,False,True,False,25.48441630069702,[-0.063  0.479  0.05  -2.106 -0.034  2.575  0.803 -0.064 -0.029  0.047 -0.028 -0.03  -0.006  0.001]
483,False,True,False,17.232345216162646,[-0.066  0.478  0.052 -2.107 -0.035  2.575  0.803 -0.074 -0.033  0.036 -0.029 -0.036  0.001 -0.006]
484,False,True,False,20.08967859247657,[-0.069  0.476  0.054 -2.108 -0.036  2.574  0.803 -0.063 -0.035  0.044 -0.029 -0.042 -0.003  0.   ]
485,False,True,False,40.17968365814579,[-0.072  0.475  0.056 -2.11  -0.038  2.574  0.803 -0.093 -0.069  0.051 -0.025 -0.022 -0.032  0.001]
486,False,True,False,71.8961209097228,[-0.074  0.474  0.057 -2.111 -0.039  2.574  0.803 -0.061 -0.03   0.046 -0.02  -0.019 -0.004 -0.001]
487,False,True,False,44.22663865402491,[-0.077  0.472  0.059 -2.112 -0.04   2.574  0.803 -0.069 -0.036  0.036 -0.029 -0.027 -0.007 -0.001]
488,False,True,False,15.990945057870261,[-0.08   0.471  0.061 -2.113 -0.042  2.573  0.803 -0.07  -0.029  0.038 -0.025 -0.026 -0.005  0.001]
489,False,True,False,9.732474083910223,[-0.083  0.47   0.063 -2.114 -0.043  2.573  0.803 -0.062 -0.029  0.04  -0.028 -0.031 -0.008  0.001]
490,False,True,False,8.488681887190397,[-0.085  0.468  0.064 -2.115 -0.045  2.573  0.803 -0.064 -0.03   0.039 -0.028 -0.033 -0.004 -0.001]
491,False,True,False,3.6252848920115537,[-0.088  0.467  0.066 -2.116 -0.046  2.573  0.803 -0.065 -0.027  0.04  -0.027 -0.03  -0.001 -0.   ]
492,False,True,False,36.84799973514527,[-0.091  0.466  0.068 -2.117 -0.047  2.572  0.803 -0.046 -0.065  0.045 -0.051 -0.053  0.008 -0.013]
493,False,True,False,68.55460625629102,[-0.093  0.465  0.069 -2.118 -0.048  2.572  0.803 -0.052 -0.025  0.042 -0.027 -0.031  0.001 -0.001]
494,False,True,False,31.541786477154595,[-0.095  0.464  0.071 -2.119 -0.05   2.572  0.803 -0.061 -0.024  0.038 -0.03  -0.022 -0.004  0.001]
495,False,True,False,10.200171594208161,[-0.098  0.463  0.072 -2.12  -0.051  2.572  0.803 -0.066 -0.02   0.035 -0.018 -0.012 -0.009 -0.001]
496,False,True,False,28.754721232212976,[-0.1    0.462  0.074 -2.121 -0.052  2.572  0.803 -0.05  -0.033  0.025 -0.026 -0.034 -0.01  -0.002]
497,False,True,False,25.099383679523527,[-0.102  0.46   0.075 -2.122 -0.053  2.571  0.803 -0.058 -0.04   0.041 -0.024 -0.047  0.004 -0.004]
498,False,True,False,35.762574071489226,[-0.105  0.459  0.077 -2.123 -0.054  2.571  0.803 -0.047 -0.025  0.033 -0.02  -0.024 -0.     0.001]
499,False,True,False,20.14923274498529,[-0.107  0.458  0.078 -2.124 -0.055  2.571  0.803 -0.049 -0.024  0.032 -0.024 -0.023 -0.005  0.   ]
500,False,True,False,9.379291847713969,[-0.109  0.457  0.079 -2.125 -0.056  2.571  0.803 -0.047 -0.018  0.033 -0.021 -0.03  -0.001 -0.001]
501,False,True,False,17.015590238858863,[-0.112  0.456  0.081 -2.126 -0.057  2.57   0.803 -0.057 -0.022  0.044 -0.014 -0.02  -0.01   0.001]
502,False,True,False,15.055618165988525,[-0.114  0.455  0.083 -2.126 -0.058  2.57   0.803 -0.059 -0.024  0.042 -0.018 -0.021 -0.006  0.001]
503,False,True,False,12.232136992145735,[-0.116  0.454  0.085 -2.127 -0.059  2.569  0.803 -0.06  -0.025  0.039 -0.012 -0.022 -0.018 -0.001]
504,False,True,False,17.71534323821395,[-0.119  0.453  0.086 -2.127 -0.06   2.569  0.803 -0.053 -0.024  0.048 -0.009 -0.018 -0.007 -0.   ]
505,False,True,False,15.026278051217133,[-0.121  0.453  0.088 -2.128 -0.061  2.568  0.803 -0.051 -0.019  0.046 -0.015 -0.02  -0.014  0.001]
506,False,True,False,11.107410342347084,[-0.123  0.452  0.09  -2.129 -0.062  2.568  0.803 -0.052 -0.022  0.038 -0.014 -0.021 -0.009 -0.001]
507,False,True,False,6.427428167921485,[-0.125  0.451  0.091 -2.129 -0.062  2.567  0.803 -0.053 -0.021  0.036 -0.014 -0.018 -0.009 -0.   ]
508,False,True,False,7.841505707266929,[-0.128  0.45   0.093 -2.13  -0.063  2.567  0.803 -0.057 -0.026  0.037 -0.013 -0.024 -0.016 -0.   ]
509,False,True,False,11.280826423582045,[-0.13   0.449  0.094 -2.131 -0.064  2.566  0.803 -0.051 -0.023  0.032 -0.017 -0.021 -0.017 -0.002]
510,False,True,False,13.419931218212026,[-0.132  0.448  0.096 -2.131 -0.065  2.566  0.803 -0.052 -0.021  0.039 -0.014 -0.015 -0.006  0.003]
511,False,True,False,15.397657955766213,[-0.135  0.447  0.098 -2.132 -0.066  2.565  0.803 -0.051 -0.027  0.043 -0.017 -0.024 -0.01   0.001]
512,False,True,False,8.136629004668581,[-0.137  0.446  0.099 -2.132 -0.067  2.565  0.803 -0.055 -0.024  0.047 -0.016 -0.025 -0.014 -0.   ]
513,False,True,False,22.34491884154916,[-0.139  0.445  0.101 -2.133 -0.068  2.564  0.803 -0.046 -0.023  0.022 -0.012 -0.013 -0.01  -0.001]
514,False,True,False,33.858032853265215,[-0.142  0.444  0.103 -2.134 -0.069  2.564  0.803 -0.06  -0.029  0.039 -0.018 -0.021 -0.012  0.001]
515,False,True,False,16.946639858932294,[-0.144  0.443  0.105 -2.134 -0.069  2.563  0.803 -0.06  -0.021  0.048 -0.019 -0.025 -0.018 -0.01 ]
516,False,True,False,17.715016516742747,[-0.147  0.442  0.107 -2.135 -0.07   2.562  0.803 -0.065 -0.025  0.05  -0.017 -0.022 -0.013 -0.001]
517,False,True,False,8.846518172286304,[-0.15   0.44   0.109 -2.136 -0.071  2.562  0.803 -0.063 -0.028  0.051 -0.018 -0.026 -0.01  -0.001]
518,False,True,False,20.94346536919349,[-0.152  0.439  0.111 -2.137 -0.073  2.561  0.803 -0.056 -0.003  0.044 -0.007 -0.03  -0.013 -0.008]
519,False,True,False,38.47664330055074,[-0.155  0.438  0.113 -2.138 -0.074  2.561  0.803 -0.069 -0.027  0.049 -0.018 -0.027 -0.018  0.001]
520,False,True,False,31.14653298397069,[-0.158  0.437  0.115 -2.138 -0.075  2.56   0.803 -0.054 -0.015  0.036 -0.024 -0.024 -0.02   0.001]
521,False,True,False,45.41223934981839,[-0.161  0.435  0.117 -2.139 -0.076  2.559  0.803 -0.099 -0.027  0.051 -0.016 -0.022 -0.011 -0.006]
522,False,True,False,47.97837694961238,[-0.164  0.434  0.119 -2.14  -0.077  2.559  0.803 -0.072 -0.041  0.061 -0.021 -0.031 -0.013  0.002]
523,False,True,False,24.387645346476724,[-0.168  0.432  0.122 -2.141 -0.078  2.558  0.803 -0.076 -0.053  0.053 -0.026 -0.052 -0.008  0.001]
524,False,True,False,42.99179191146399,[-0.171  0.431  0.124 -2.142 -0.079  2.557  0.803 -0.075 -0.029  0.064 -0.016 -0.024 -0.023  0.001]
525,False,True,False,33.28463184051829,[-0.174  0.43   0.126 -2.143 -0.081  2.556  0.803 -0.076 -0.035  0.061 -0.025 -0.025 -0.014 -0.   ]
526,False,True,False,23.252922401646828,[-0.177  0.428  0.129 -2.143 -0.082  2.556  0.803 -0.063 -0.015  0.07  -0.029 -0.042  0.005 -0.001]
527,False,True,False,19.99129859460854,[-0.181  0.427  0.131 -2.144 -0.083  2.555  0.803 -0.061 -0.016  0.074 -0.03  -0.048  0.007 -0.001]
528,False,True,False,33.458511892000296,[-0.184  0.425  0.134 -2.145 -0.085  2.554  0.803 -0.085 -0.044  0.06  -0.026 -0.038 -0.02   0.003]
529,False,True,False,34.74432790310293,[-0.188  0.424  0.136 -2.146 -0.086  2.553  0.803 -0.088 -0.033  0.068 -0.023 -0.033 -0.025 -0.   ]
530,False,True,False,26.728547018510238,[-0.191  0.422  0.139 -2.147 -0.087  2.552  0.803 -0.069 -0.033  0.042 -0.018 -0.027 -0.02   0.   ]
531,False,True,False,40.01256991764886,[-0.195  0.421  0.141 -2.148 -0.089  2.552  0.803 -0.084 -0.019  0.067 -0.014 -0.012 -0.023 -0.003]
532,False,True,False,39.3321676978277,[-0.199  0.419  0.144 -2.149 -0.09   2.551  0.803 -0.087 -0.042  0.061 -0.024 -0.029 -0.023  0.008]
533,False,True,False,25.229938895691777,[-0.202  0.417  0.147 -2.15  -0.092  2.55   0.803 -0.085 -0.038  0.068 -0.024 -0.036 -0.013 -0.002]
534,False,True,False,15.302716320074818,[-0.206  0.416  0.15  -2.151 -0.093  2.549  0.803 -0.084 -0.033  0.071 -0.024 -0.04  -0.023  0.001]
535,False,True,False,15.041406479388247,[-0.209  0.414  0.152 -2.152 -0.094  2.548  0.803 -0.086 -0.039  0.059 -0.025 -0.039 -0.02  -0.001]
536,False,True,False,12.462040211570185,[-0.213  0.413  0.155 -2.153 -0.096  2.548  0.803 -0.087 -0.035  0.061 -0.024 -0.03  -0.02   0.001]
537,False,True,False,10.951205704421733,[-0.217  0.411  0.157 -2.154 -0.097  2.547  0.803 -0.083 -0.035  0.067 -0.021 -0.035 -0.02  -0.001]
538,False,True,False,11.88565660325851,[-0.22   0.41   0.16  -2.155 -0.098  2.546  0.803 -0.087 -0.039  0.058 -0.022 -0.035 -0.014  0.001]
539,False,True,False,13.458709952027728,[-0.224  0.408  0.162 -2.156 -0.1    2.545  0.803 -0.08  -0.039  0.064 -0.022 -0.034 -0.019  0.   ]
540,False,True,False,6.6795541329618535,[-0.227  0.407  0.164 -2.157 -0.101  2.545  0.803 -0.079 -0.037  0.068 -0.02  -0.036 -0.017 -0.002]
541,False,True,False,10.369950201230935,[-0.23   0.405  0.167 -2.158 -0.102  2.544  0.803 -0.079 -0.037  0.057 -0.021 -0.032 -0.012 -0.001]
542,False,True,False,24.100705785186197,[-0.233  0.403  0.17  -2.158 -0.103  2.543  0.803 -0.069 -0.025  0.063 -0.019 -0.006 -0.019  0.016]
543,False,True,False,49.97151129675064,[-0.237  0.402  0.172 -2.159 -0.105  2.542  0.803 -0.088 -0.036  0.049 -0.027 -0.036 -0.011 -0.   ]
544,False,True,False,36.814498855641595,[-0.24   0.401  0.174 -2.16  -0.106  2.542  0.803 -0.078 -0.028  0.05  -0.021 -0.027 -0.014 -0.001]
545,False,True,False,10.186233402717653,[-0.243  0.4    0.176 -2.161 -0.107  2.541  0.803 -0.074 -0.027  0.051 -0.02  -0.029 -0.016 -0.008]
546,False,True,False,10.182825071493458,[-0.246  0.398  0.178 -2.162 -0.108  2.54   0.803 -0.067 -0.03   0.051 -0.018 -0.026 -0.016  0.   ]
547,False,True,False,6.5338782631644285,[-0.248  0.397  0.18  -2.163 -0.109  2.54   0.803 -0.064 -0.034  0.046 -0.016 -0.027 -0.015  0.001]
548,False,True,False,9.201864230277181,[-0.251  0.396  0.182 -2.163 -0.11   2.539  0.803 -0.064 -0.028  0.05  -0.02  -0.026 -0.012 -0.   ]
549,True,True,False,11.626525242717687,[-0.254  0.395  0.184 -2.164 -0.111  2.538  0.803 -0.062 -0.035  0.048 -0.019 -0.026 -0.019 -0.   ]
